nutrient,value,nutrient_api,almond,amaretto,anchovy,anise,apple,apple juice,apricot,artichoke,arugula,asian pear,asparagus,aspen,avocado,bacon,banana,barley,basil,bass,bean,beef,beef rib,beef shank,beef tenderloin,beer,beet,bell pepper,blackberry,blue cheese,blueberry,bok choy,bourbon,bran,brandy,bread,breadcrumbs,brie,brisket,broccoli,broccoli rabe,brown rice,brussel sprout,bulgur,butter,buttermilk,cabbage,cantaloupe,capers,caraway,cardamom,carrot,cashew,cauliflower,caviar,celery,champagne,cheddar,cheese,cherry,chestnut,chicken,chickpea,chile pepper,chocolate,cilantro,cinnamon,clam,clove,coconut,cod,coffee,collard greens,coriander,corn,cornmeal,cottage cheese,crab,cranberry,cranberry sauce,cream cheese,cucumber,cumin,currant,curry,dill,duck,egg,eggplant,fennel,feta,fig,fortified wine,garlic,gin,goat cheese,goose,gouda,grape,grapefruit,green bean,green onion,ground beef,ground lamb,guava,halibut,ham,hazelnut,honey,horseradish,hot pepper,jerusalem artichoke,kirsch,kiwi,lamb,lamb shank,leek,lemon,lemon juice,lemongrass,lentil,lettuce,lima bean,lime juice,lingonberry,lobster,lychee,macadamia nut,mango,maple syrup,martini,mayonnaise,melon,milk,mint,mozzarella,mushroom,mussel,mustard,mustard greens,nectarine,noodle,nut,nutmeg,oat,octopus,olive,onion,orange,orange juice,oregano,oyster,papaya,paprika,parmesan,parsley,parsnip,passion fruit,pasta,pea,peach,peanut,peanut butter,pear,pecan,pepper,persimmon,phyllo,pickles,pine nut,pineapple,pistachio,plum,pomegranate,pomegranate juice,poppy,pork,pork chop,pork rib,pork tenderloin,potato,prosciutto,prune,pumpkin,quail,quiche,quince,quinoa,rabbit,radicchio,radish,raisin,raspberry,red wine,rhubarb,rice,ricotta,rosemary,rum,rutabaga,rye,saffron,sage,sake,salad,salmon,sangria,sardine,sausage,scallop,scotch,seafood,semolina,sesame,sesame oil,shallot,shellfish,sherry,shrimp,sour cream,sourdough,soy,soy sauce,sparkling wine,spinach,squash,squid,stew,strawberry,sweet potato,swiss cheese,swordfish,taco,tamarind,tangerine,tapioca,tarragon,tea,tequila,thyme,tilapia,tofu,tomatillo,tomato,tortillas,trout,tuna,turnip,vanilla,veal,venison,vermouth,vinegar,vodka,walnut,wasabi,watercress,watermelon,whiskey,white wine,wild rice,wine,yellow squash,yogurt,yuca,zucchini,turkey
Fat,38.0,Total lipid (fat),146.05263157894737,26.31578947368421,25.55263157894737,41.8421052631579,1.710526315789474,0.0,0.0,17.552631578947366,1.5526315789473684,0.6052631578947368,0.0,0.0,113.94736842105262,131.57894736842107,16.447368421052634,7.210526315789474,0.0,36.05263157894736,9.73684210526316,15.473684210526315,17.842105263157894,10.131578947368421,19.947368421052634,0.0,0.21052631578947367,0.2789473684210526,0.763157894736842,75.26315789473685,0.0,0.0,0.0,15.789473684210526,0.0,0.0,0.0,84.47368421052633,31.57894736842105,0.8947368421052633,0.0,6.131578947368421,0.7894736842105263,5.973684210526316,0.0,1.1052631578947367,1.3157894736842104,0.0,0.0,76.84210526315789,0.0,0.631578947368421,54.99999999999999,0.0,47.10526315789473,0.0,0.21052631578947367,52.63157894736842,64.73684210526316,52.63157894736842,2.631578947368421,4.710526315789474,15.789473684210526,15.289473684210526,77.10526315789474,0.0,0.0,20.842105263157894,34.21052631578947,93.94736842105263,7.7368421052631575,0.0,0.0,46.8421052631579,3.1052631578947367,0.0,5.578947368421053,1.9473684210526316,0.0,0.39473684210526316,84.47368421052633,0.23684210526315785,58.684210526315795,0.5789473684210527,0.0,1.131578947368421,0.34210526315789475,0.0,34.73684210526316,8.473684210526317,75.26315789473685,0.0,0.0,0.0,0.0,84.47368421052633,262.63157894736844,84.47368421052633,0.0,0.0,0.0,0.5,25.842105263157894,53.94736842105263,0.5263157894736842,4.631578947368421,10.18421052631579,83.42105263157895,0.0,1.8157894736842106,65.78947368421053,0.02631578947368421,0.7894736842105263,0.0,42.89473684210526,30.0,8.026315789473685,78.94736842105263,0.0,2.7894736842105265,14.763157894736842,0.368421052631579,18.05263157894737,0.1842105263157895,0.0,2.5,1.1578947368421053,199.4736842105263,0.0,0.0,0.0,197.36842105263156,3.3157894736842106,9.868421052631579,0.0,65.78947368421053,0.0,7.473684210526316,8.894736842105262,0.0,0.736842105263158,13.94736842105263,115.26315789473685,263.15789473684214,17.157894736842106,34.21052631578947,78.94736842105263,2.0526315789473686,0.0,0.0,0.0,28.421052631578945,0.0,32.89473684210527,73.15789473684211,0.0,7.473684210526316,0.0,4.710526315789474,37.10526315789473,58.42105263157894,71.84210526315789,134.47368421052633,0.39473684210526316,189.4736842105263,0.0,1.7368421052631577,15.789473684210526,0.0,180.0,0.0,122.89473684210527,0.6052631578947368,0.0,0.0,87.63157894736841,10.842105263157894,23.789473684210524,39.73684210526316,5.868421052631579,29.73684210526316,28.157894736842103,0.5263157894736842,0.0,36.84210526315789,41.8421052631579,0.2631578947368421,4.710526315789474,21.947368421052634,0.0,0.2631578947368421,11.157894736842106,0.0,0.0,0.5789473684210527,6.394736842105264,24.894736842105267,0.0,0.0,0.0,6.131578947368421,15.39473684210526,0.0,0.0,12.131578947368423,9.31578947368421,0.10526315789473684,20.94736842105263,45.526315789473685,32.89473684210527,0.0,12.552631578947368,5.7105263157894735,118.94736842105264,263.15789473684214,0.2631578947368421,17.552631578947366,0.0,0.0,52.63157894736842,0.0,19.342105263157894,1.5,0.0,0.0,7.368421052631578,43.1578947368421,10.473684210526315,14.921052631578945,3.3684210526315788,68.6842105263158,31.05263157894737,24.13157894736842,1.5789473684210527,0.0,0.0,0.0,0.0,0.0,0.0,9.394736842105262,0.0,2.68421052631579,0.0,4.710526315789474,44.47368421052631,9.921052631578947,0.5,42.63157894736842,22.789473684210527,68.6842105263158,29.21052631578947,0.0,0.0,99.73684210526315,28.68421052631579,7.473684210526316,0.6578947368421052,0.0,0.0,2.9210526315789473,0.0,0.0,7.7368421052631575,0.0,0.0,3.3421052631578947
Saturated fat,20.0,"Fatty acids, total saturated",32.75,16.650000000000002,11.000000000000002,2.93,0.0,0.0,0.0,8.35,0.0,0.060000000000000005,0.0,0.0,29.900000000000006,89.49999999999999,0.0,5.450000000000001,0.0,10.45,2.645,20.6,12.250000000000002,6.4,17.7,0.0,0.065,0.0,0.0,89.49999999999999,0.0,0.0,0.0,6.949999999999999,0.0,0.0,0.0,106.99999999999999,23.1,0.0,0.0,0.0,0.31,2.8499999999999996,0.0,2.0999999999999996,0.335,0.0,0.0,93.0,0.0,0.16,34.900000000000006,0.0,20.299999999999997,0.0,0.025,41.65,88.00000000000001,35.0,0.0,4.45,5.0,4.0649999999999995,85.50000000000001,0.0,0.0,11.100000000000001,19.75,160.5,2.9499999999999997,0.0,0.0,4.95,0.0,0.0,6.35,1.005,0.0,0.034999999999999996,106.99999999999999,0.135,7.7,0.42500000000000004,0.0,0.0,0.25499999999999995,0.0,9.5,4.455,125.0,0.0,0.0,0.0,0.0,106.99999999999999,138.5,106.99999999999999,0.0,0.0,0.0,0.16,20.099999999999998,44.65,0.2,0.0,6.4,85.50000000000001,0.0,0.44999999999999996,106.99999999999999,0.0,0.06999999999999999,0.0,32.99999999999999,23.1,3.81,16.650000000000002,0.0,1.7499999999999998,6.5,0.095,4.859999999999999,0.04,0.0,1.145,0.49500000000000005,60.5,0.0,0.0,0.0,62.5,0.0,10.4,0.0,71.50000000000001,0.0,2.69,1.26,0.0,0.0,0.0,38.9,450.0,5.550000000000001,9.35,24.25,0.0,0.0,0.0,0.0,10.700000000000001,0.0,12.5,77.0,0.0,3.5949999999999998,0.0,0.0,26.450000000000003,22.200000000000003,53.0,50.5,0.10999999999999999,30.9,0.0,0.265,7.35,0.0,24.500000000000004,0.0,33.35,0.065,0.0,0.0,30.3,11.75,13.350000000000001,27.149999999999995,4.45,15.65,17.849999999999998,0.08,0.0,19.7,38.25,0.05,1.7999999999999998,12.450000000000001,0.0,0.16,0.0,0.0,0.0,0.23500000000000001,0.0,29.75,0.0,0.0,0.0,5.8,7.95,0.0,0.0,8.2,2.1999999999999997,0.01,6.05,26.650000000000002,8.95,0.0,5.050000000000001,0.0,31.0,71.0,0.085,6.25,0.0,0.0,58.5,0.0,5.500000000000001,0.36499999999999994,0.0,0.0,3.65,13.65,7.199999999999999,28.349999999999998,1.6,86.99999999999999,14.750000000000002,14.899999999999999,1.36,0.0,0.0,0.0,0.0,0.0,0.0,6.7,0.0,0.6950000000000001,0.0,0.0,13.750000000000002,2.35,0.16,51.5,18.2,52.5,0.0,0.0,0.0,60.5,10.149999999999999,3.7449999999999997,0.0,0.0,0.0,0.0,0.0,0.0,8.799999999999999,0.0,0.0,2.0999999999999996
Cholesterol,300.0,Cholesterol,0.0,0.0,28.333333333333332,0.0,0.0,0.0,0.0,0.0,0.0,0.0,0.0,0.0,13.333333333333334,23.666666666666668,0.0,1.3333333333333335,0.0,12.333333333333334,0.0,17.666666666666668,19.0,13.0,17.0,0.0,0.0,0.0,0.0,35.66666666666667,0.0,0.0,0.0,0.0,0.0,0.0,0.0,35.66666666666667,31.333333333333336,0.0,0.0,0.0,0.0,0.0,0.0,1.3333333333333335,0.0,0.0,0.0,31.0,0.0,0.0,7.666666666666666,0.0,196.0,0.0,0.0,11.0,17.666666666666668,0.0,0.0,15.0,0.0,0.0,8.0,0.0,0.0,8.333333333333332,0.0,0.0,10.666666666666668,0.0,0.0,0.0,0.0,0.0,4.333333333333334,32.33333333333333,0.0,0.0,35.66666666666667,0.0,0.0,0.0,0.0,0.0,0.0,1.3333333333333335,0.0,0.6666666666666667,0.0,0.0,0.0,0.0,0.0,32.0,33.33333333333333,35.66666666666667,0.0,0.0,0.0,0.0,22.333333333333332,25.333333333333336,0.0,11.666666666666666,18.0,4.0,0.0,0.0,35.66666666666667,0.0,0.0,0.0,32.33333333333333,22.0,0.6666666666666667,0.0,0.0,0.0,0.0,0.0,0.0,0.0,0.0,53.666666666666664,0.0,0.0,0.0,0.0,0.0,27.666666666666668,0.0,5.0,0.0,23.666666666666668,0.0,11.666666666666666,0.0,0.0,0.0,0.0,0.0,0.0,0.0,14.333333333333334,0.0,0.0,0.0,0.0,0.0,3.3333333333333335,0.0,0.0,28.666666666666668,0.0,0.6666666666666667,0.0,0.0,0.0,22.333333333333332,5.0,0.0,0.0,0.0,0.0,0.0,0.0,0.0,0.0,0.0,0.0,0.0,0.0,0.0,5.0,25.333333333333336,15.333333333333332,19.333333333333332,18.0,24.666666666666668,12.0,0.0,0.0,28.666666666666668,31.333333333333336,0.0,0.0,28.333333333333332,0.0,0.0,0.0,0.0,0.0,0.0,0.0,13.333333333333334,0.0,0.0,0.0,0.0,0.0,0.0,0.0,0.0,17.666666666666668,0.0,26.333333333333332,13.333333333333334,8.333333333333332,0.0,8.333333333333332,0.0,0.0,0.0,0.0,46.666666666666664,0.0,37.333333333333336,22.333333333333332,0.0,0.0,0.0,0.0,0.0,0.6666666666666667,9.0,4.666666666666667,0.0,4.666666666666667,28.999999999999996,25.666666666666664,6.333333333333334,0.0,0.0,0.0,0.0,0.0,0.0,0.0,15.0,0.0,0.0,0.0,0.0,17.0,1.6666666666666667,0.0,30.666666666666664,23.0,19.0,0.0,0.0,0.0,5.666666666666666,0.0,0.6666666666666667,0.0,0.0,0.0,0.0,0.0,0.0,4.0,0.0,0.0,11.333333333333332
Total carbohydrates,275.0,"Carbohydrate, by difference",6.836363636363636,12.109090909090908,0.0,18.181818181818183,5.2,5.3090909090909095,4.909090909090909,1.210909090909091,1.2836363636363635,3.854545454545454,1.2836363636363635,0.26545454545454544,2.6763636363636363,0.0,14.763636363636365,9.89090909090909,0.0,4.254545454545455,5.781818181818181,0.0,0.0,0.0,0.0,1.2909090909090908,5.927272727272728,1.7381818181818183,1.8036363636363635,0.0,23.636363636363637,0.6436363636363637,29.09090909090909,16.21818181818182,0.0,20.109090909090906,0.0,0.0,0.0,1.9672727272727273,1.7127272727272727,27.890909090909094,3.2545454545454544,24.363636363636363,0.8545454545454545,1.970909090909091,0.8727272727272728,3.2581818181818183,0.0,1.1127272727272728,0.0,3.483636363636364,24.50909090909091,1.2836363636363635,1.4545454545454546,1.3236363636363637,4.4363636363636365,4.836363636363637,0.8945454545454544,15.272727272727273,16.0,0.0,22.181818181818183,25.418181818181818,22.181818181818183,0.0,0.0,3.709090909090909,23.81818181818182,16.87272727272727,1.9236363636363634,18.181818181818183,2.138181818181818,20.0,8.145454545454545,29.454545454545457,2.465454545454546,0.0,4.545454545454546,14.690909090909091,2.596363636363636,2.618181818181818,16.072727272727274,28.000000000000004,0.0,0.7236363636363636,22.072727272727274,0.6436363636363637,3.4763636363636365,3.0254545454545454,3.8909090909090907,23.636363636363637,1.8181818181818181,12.109090909090908,0.0,0.0,0.0,0.0,4.8,3.9272727272727277,1.5018181818181817,2.669090909090909,0.0,0.0,4.072727272727272,0.0,0.5745454545454546,20.400000000000002,29.963636363636365,4.109090909090909,2.596363636363636,6.327272727272727,15.127272727272729,31.527272727272727,0.0,0.03272727272727273,5.345454545454545,2.4254545454545458,0.0,2.9818181818181815,4.472727272727273,1.0618181818181818,7.054545454545454,3.061818181818182,16.363636363636363,0.0,6.0,5.0181818181818185,6.218181818181819,32.10909090909091,0.05454545454545455,0.0,2.749090909090909,1.970909090909091,38.18181818181819,1.298181818181818,0.0,1.6981818181818182,1.927272727272727,1.7127272727272727,3.338181818181818,6.909090909090909,10.98181818181818,0.0,24.61818181818182,4.872727272727273,1.5163636363636364,21.6,32.90909090909091,4.109090909090909,0.0,6.6909090909090905,23.636363636363637,18.181818181818183,5.054545454545455,0.0,6.0,2.4254545454545458,28.581818181818182,22.618181818181817,19.38181818181818,22.03636363636364,8.10909090909091,5.527272727272727,5.054545454545455,24.254545454545458,34.94545454545454,19.12727272727273,16.981818181818184,4.763636363636364,28.581818181818182,9.709090909090909,4.909090909090909,4.3999999999999995,4.472727272727273,8.618181818181817,0.4290909090909091,2.8436363636363637,4.3999999999999995,0.9745454545454547,4.909090909090909,0.0,23.672727272727272,3.3345454545454545,0.0,6.618181818181817,5.5636363636363635,7.2727272727272725,0.0,1.4545454545454546,1.2363636363636363,19.090909090909093,24.254545454545458,0.949090909090909,6.327272727272727,9.6,2.181818181818182,0.0,0.0,2.909090909090909,17.745454545454546,23.781818181818185,0.0,1.8181818181818181,9.818181818181818,0.0,3.0036363636363634,7.963636363636363,4.363636363636364,5.127272727272727,0.0,5.963636363636363,28.472727272727273,3.127272727272727,0.0,6.109090909090909,1.781818181818182,0.0,0.0,1.210909090909091,16.509090909090908,19.345454545454547,1.7927272727272725,1.8181818181818181,1.2836363636363635,2.2763636363636364,1.3236363636363637,3.0,4.909090909090909,5.963636363636363,1.5818181818181818,2.832727272727273,5.49090909090909,22.727272727272727,4.945454545454545,30.29090909090909,0.0,3.0763636363636366,0.0,0.0,0.6509090909090909,0.0,2.1236363636363635,0.0,14.290909090909091,4.254545454545455,3.781818181818182,1.232727272727273,8.10909090909091,2.4363636363636365,1.5599999999999998,0.0,0.3381818181818182,0.0,13.781818181818181,16.763636363636365,0.49090909090909096,2.7090909090909094,0.0,0.9454545454545455,28.29090909090909,1.8181818181818181,1.4836363636363636,5.781818181818181,6.872727272727272,1.530909090909091,2.465454545454546
Sodium,2300.0,"Sodium, Na",9.869565217391305,2.9130434782608696,159.56521739130434,0.6956521739130435,0.0,0.0,0.26086956521739135,13.043478260869565,1.2608695652173914,0.0,0.0,0.13043478260869568,37.69565217391304,34.17391304347826,25.82608695652174,8.652173913043478,0.0,17.17391304347826,19.26086956521739,9.217391304347826,2.3478260869565215,2.7391304347826084,2.7391304347826084,0.17391304347826086,6.478260869565218,0.0,0.0,43.47826086956522,0.0,2.869565217391304,0.0,19.91304347826087,0.043478260869565216,24.043478260869566,0.0,31.043478260869566,16.391304347826086,2.3478260869565215,1.7826086956521738,0.0,1.0869565217391304,0.47826086956521735,0.0,7.434782608695651,21.65217391304348,0.826086956521739,0.0,30.0,0.0,3.0,15.17391304347826,0.782608695652174,65.21739130434783,4.565217391304348,0.17391304347826086,75.21739130434783,26.043478260869563,8.695652173913043,0.0,7.782608695652174,1.0434782608695654,3.956521739130435,3.6956521739130435,0.0,0.0,19.695652173913043,12.043478260869565,11.347826086956522,18.173913043478258,65.21739130434783,0.782608695652174,1.5217391304347827,0.0,0.0,14.391304347826086,17.17391304347826,0.6521739130434783,0.21739130434782608,14.739130434782608,10.26086956521739,7.304347826086957,1.8695652173913044,0.0,35.130434782608695,30.956521739130434,8.478260869565217,9.521739130434783,8.782608695652174,29.52173913043478,0.21739130434782608,0.08695652173913043,0.0,0.043478260869565216,29.52173913043478,0.0,40.391304347826086,0.13043478260869568,0.0,14.000000000000002,0.6956521739130435,2.9130434782608696,3.0869565217391304,0.43478260869565216,2.3043478260869565,50.0,3.173913043478261,0.17391304347826086,18.26086956521739,49.56521739130435,0.17391304347826086,0.21739130434782608,6.086956521739131,16.82608695652174,3.304347826086956,6.565217391304349,34.78260869565217,0.0,6.304347826086956,16.652173913043477,0.826086956521739,9.478260869565219,0.08695652173913043,0.0,23.26086956521739,0.043478260869565216,0.21739130434782608,0.0,15.956521739130435,0.08695652173913043,28.999999999999996,0.08695652173913043,2.5217391304347827,0.0,7.782608695652174,0.0,15.739130434782608,47.82608695652174,1.0434782608695654,0.5652173913043479,0.0,0.5217391304347827,0.0,0.26086956521739135,22.52173913043478,36.30434782608696,18.695652173913043,16.565217391304348,0.30434782608695654,0.0,22.17391304347826,0.782608695652174,41.30434782608695,78.26086956521739,0.0,5.695652173913043,0.26086956521739135,0.0,13.043478260869565,14.956521739130435,1.956521739130435,18.65217391304348,0.13043478260869568,0.0,0.0,0.13043478260869568,21.0,0.0,0.08695652173913043,0.782608695652174,16.652173913043477,0.043478260869565216,0.6521739130434783,0.0,40.56521739130435,9.217391304347826,18.0,29.478260869565215,13.217391304347824,9.521739130434783,88.69565217391305,1.0,0.34782608695652173,9.304347826086957,17.130434782608695,0.17391304347826086,6.826086956521739,14.956521739130435,1.956521739130435,1.6956521739130437,15.478260869565217,0.0,0.17391304347826086,0.17391304347826086,20.217391304347824,4.434782608695651,0.0,0.043478260869565216,0.13043478260869568,28.304347826086957,6.434782608695652,0.0,0.08695652173913043,7.739130434782608,2.869565217391304,0.47826086956521735,16.652173913043477,87.39130434782608,20.26086956521739,0.043478260869565216,26.47826086956522,0.9565217391304347,43.47826086956522,0.0,0.5217391304347827,15.130434782608695,0.0,21.478260869565215,1.434782608695652,28.739130434782606,36.608695652173914,238.69565217391306,0.08695652173913043,3.304347826086956,6.0,27.652173913043477,13.217391304347824,0.47826086956521735,7.521739130434782,8.521739130434783,15.130434782608695,15.782608695652172,1.2173913043478262,0.6086956521739131,0.0,0.0,0.08695652173913043,0.043478260869565216,0.0,19.39130434782609,0.0,0.043478260869565216,0.0,0.0,16.608695652173914,19.26086956521739,0.782608695652174,2.6521739130434785,6.0,43.913043478260875,72.60869565217392,0.21739130434782608,0.043478260869565216,2.2608695652173916,147.3913043478261,7.521739130434782,0.0,0.043478260869565216,0.21739130434782608,0.0,0.08695652173913043,0.0,1.7826086956521738,22.82608695652174,0.0,22.652173913043477
Dietary Fiber,28.0,"Fiber, total dietary",36.78571428571429,0.0,0.0,52.142857142857146,11.428571428571429,0.0,0.0,6.071428571428571,4.285714285714286,12.85714285714286,8.571428571428571,0.0,0.35714285714285715,0.0,22.142857142857146,13.214285714285715,0.0,1.7857142857142856,17.5,0.0,0.0,0.0,0.0,0.0,2.857142857142857,3.364285714285714,6.071428571428571,0.0,0.0,3.214285714285715,0.0,13.571428571428571,0.0,9.285714285714286,0.0,0.0,0.0,7.142857142857142,8.571428571428571,16.78571428571429,13.571428571428571,28.57142857142857,4.285714285714286,0.0,5.714285714285714,2.5,0.0,0.0,0.0,10.0,8.214285714285714,8.571428571428571,0.0,6.42857142857143,0.35714285714285715,0.0,0.0,7.142857142857142,21.428571428571427,0.0,60.71428571428571,102.49999999999999,8.571428571428571,0.0,0.0,3.9285714285714293,121.07142857142857,12.85714285714286,2.142857142857143,44.642857142857146,12.5,149.64285714285714,4.285714285714286,8.571428571428571,0.0,0.0,0.0,3.9285714285714293,0.0,1.7857142857142856,37.5,15.714285714285717,0.0,3.571428571428571,2.142857142857143,3.214285714285715,14.64285714285714,12.5,0.0,0.0,0.0,0.0,0.0,0.0,0.0,0.0,0.0,0.0,6.071428571428571,9.285714285714286,0.0,0.0,18.571428571428573,0.0,0.0,8.571428571428571,0.7142857142857143,11.785714285714285,0.0,5.714285714285714,0.0,11.785714285714285,0.0,0.0,6.785714285714286,0.0,0.0,5.357142857142857,12.142857142857142,4.285714285714286,23.214285714285715,1.4285714285714286,8.928571428571429,0.0,4.642857142857143,30.71428571428571,7.5,0.0,0.0,0.0,0.0,0.0,0.0,0.0,0.0,0.0,15.357142857142856,12.5,5.357142857142857,5.0,11.785714285714285,0.0,36.07142857142857,1.7857142857142856,6.42857142857143,8.214285714285714,0.0,0.0,0.0,4.285714285714286,35.714285714285715,133.92857142857142,0.0,0.0,12.5,0.0,12.85714285714286,13.571428571428571,7.8571428571428585,10.714285714285714,17.142857142857142,11.071428571428573,34.285714285714285,118.92857142857143,34.285714285714285,6.785714285714286,11.785714285714285,13.214285714285715,15.357142857142856,35.714285714285715,3.571428571428571,0.0,0.0,1.0714285714285714,0.0,3.571428571428571,1.0714285714285714,0.0,5.357142857142857,0.0,11.785714285714285,8.928571428571429,0.0,2.142857142857143,6.785714285714286,7.5,0.0,10.714285714285714,5.714285714285714,12.142857142857142,0.0,0.0,5.714285714285714,5.0,0.0,0.0,0.0,10.714285714285714,20.71428571428571,13.928571428571429,0.0,0.0,9.285714285714286,0.0,0.0,3.571428571428571,4.642857142857143,1.7857142857142856,0.0,2.857142857142857,7.8571428571428585,3.571428571428571,0.0,11.428571428571429,0.7142857142857143,0.0,0.0,0.0,8.214285714285714,12.5,2.857142857142857,0.0,8.571428571428571,5.0,0.0,4.285714285714286,2.5,6.785714285714286,0.0,1.0714285714285714,10.714285714285714,18.21428571428571,0.0,0.0,0.0,0.0,0.0,0.0,0.0,0.0,6.785714285714286,0.0,12.85714285714286,1.7857142857142856,3.214285714285715,8.571428571428571,0.0,1.4285714285714286,0.0,0.0,0.0,0.0,24.642857142857146,21.785714285714285,1.7857142857142856,1.4285714285714286,0.0,0.0,15.714285714285717,0.0,7.142857142857142,0.0,0.0,3.9285714285714293,4.642857142857143
Protein,50.0,Protein,42.0,0.0,57.8,35.2,0.0,0.84,0.0,3.34,4.7,1.0,4.7,0.34,3.8,14.279999999999998,25.0,4.4,0.0,31.8,10.88,40.0,42.6,43.6,41.4,0.9199999999999999,1.6,1.43,1.16,42.8,0.0,3.54,0.0,19.2,0.0,15.78,0.0,35.8,58.8,5.4,4.7,18.6,6.76,25.0,2.36,6.660000000000001,2.2,1.5,0.0,50.4,0.0,1.86,13.96,0.0,49.2,0.0,0.32,20.0,42.2,8.0,8.0,42.8,38.0,21.2,14.64,0.0,0.0,23.6,11.94,7.139999999999999,24.8,25.0,4.7,24.8,7.06,14.279999999999998,16.94,35.8,0.0,1.8000000000000003,14.279999999999998,1.04,35.6,6.860000000000001,0.0,0.96,0.72,19.46,8.52,2.84,0.0,0.0,1.0,0.0,0.0,50.0,0.0,50.0,0.0,0.0,0.0,3.66,39.2,34.0,1.2,41.2,38.0,14.64,0.6,2.36,42.8,4.0,0.0,0.0,54.79999999999999,40.2,3.1400000000000006,0.0,0.0,2.6,7.339999999999999,2.26,14.499999999999998,0.84,0.0,41.8,1.66,15.82,1.42,0.0,0.14,0.0,3.56,6.660000000000001,0.0,42.8,0.0,30.2,8.5,7.06,2.12,6.4,36.4,0.0,26.400000000000002,26.400000000000002,1.46,21.8,9.52,1.34,0.0,9.92,5.0,25.0,56.8,0.0,2.58,2.22,25.0,28.199999999999996,8.88,18.18,45.0,0.74,18.34,0.0,3.08,14.2,0.0,27.399999999999995,0.0,40.0,1.04,0.0,0.0,1.8399999999999999,42.4,36.8,32.4,35.8,7.780000000000001,0.0,4.2,3.34,50.0,20.0,0.8,5.72,60.199999999999996,4.0,1.36,20.4,0.0,0.14,1.6200000000000003,6.94,19.2,0.0,0.0,2.0,13.96,22.8,0.0,1.0,5.26,39.0,0.08,35.8,21.4,22.2,0.0,16.06,21.8,6.2,0.0,5.0,31.0,0.0,23.6,6.660000000000001,13.639999999999999,53.0,16.28,1.0,4.7,1.3,29.2,10.48,1.42,10.9,52.2,43.8,13.38,5.6,0.0,0.0,0.0,0.0,0.0,0.0,37.6,0.0,1.92,0.0,7.139999999999999,34.2,11.32,4.92,7.000000000000001,33.4,21.8,0.0,0.0,0.0,20.6,4.46,4.8,1.56,0.0,0.14,26.6,1.0,2.04,5.88,1.8799999999999997,2.1,19.5
Added sugars,50.0,"Sugars, added",0.0,66.6,0.0,0.0,0.0,0.0,0.0,0.0,0.0,0.0,0.0,0.0,0.0,0.0,0.0,0.0,0.0,0.0,0.0,0.0,0.0,0.0,0.0,0.0,0.0,0.0,0.0,0.0,0.0,0.0,0.0,0.0,0.0,0.0,0.0,0.0,0.0,0.0,0.0,0.0,0.0,0.0,0.0,0.0,0.0,0.0,0.0,0.0,0.0,0.0,0.0,0.0,0.0,0.0,0.0,0.0,0.0,0.0,0.0,0.0,0.0,0.0,0.0,0.0,0.0,0.0,0.0,0.0,0.0,0.0,0.0,0.0,0.0,0.0,0.0,0.0,0.0,0.0,0.0,0.0,0.0,0.0,0.0,0.0,0.0,0.0,0.0,0.0,0.0,120.0,0.0,0.0,0.0,0.0,0.0,0.0,0.0,19.8,0.0,0.0,0.0,0.0,0.0,0.0,0.0,0.0,0.0,0.0,0.0,0.0,0.0,0.0,0.0,0.0,0.0,0.0,0.0,0.0,0.0,0.0,0.0,0.0,0.0,0.0,0.0,0.0,0.0,0.0,0.0,0.0,0.0,0.0,0.0,0.0,0.0,0.0,0.0,0.0,0.0,0.0,0.0,0.0,0.0,0.0,0.0,0.0,0.0,0.0,0.0,0.0,0.0,0.0,0.0,0.0,0.0,0.0,0.0,0.0,0.0,0.0,0.0,0.0,0.0,0.0,0.0,0.0,0.0,0.0,0.0,0.0,0.0,0.0,0.0,0.0,0.0,0.0,0.0,0.0,0.0,0.0,0.0,0.0,0.0,0.0,0.0,0.0,0.0,0.0,0.0,0.0,111.20000000000002,0.0,0.0,0.0,0.0,0.0,0.0,0.0,0.0,0.0,0.0,0.0,0.0,0.0,0.0,0.0,0.0,0.0,0.0,0.0,0.0,0.0,0.0,0.0,0.0,0.0,0.0,0.0,0.0,0.0,0.0,0.0,0.0,0.0,0.0,0.0,17.0,0.0,0.0,0.0,0.0,0.0,0.0,0.0,0.0,0.0,0.0,0.0,0.0,0.0,0.0,0.0,0.0,0.0,0.0,0.0,0.0,0.0,0.0,0.0,0.0,0.0,0.0,0.0,0.0,0.0,0.0,0.0,0.0,0.0,0.0,0.0,0.0,0.0,0.0
Vitamin A,900.0,"Vitamin A, RAE",0.0,0.0,1.3333333333333335,1.7777777777777777,0.0,0.0,0.0,0.0,0.0,0.0,0.0,0.0,1.1111111111111112,0.0,0.0,2.666666666666667,0.0,3.5555555555555554,0.0,0.0,0.8888888888888888,0.0,0.0,0.0,0.2222222222222222,0.0,0.0,0.0,0.0,0.0,0.0,0.0,0.0,0.0,0.0,0.0,0.1111111111111111,0.0,0.0,0.0,4.222222222222222,0.0,0.0,0.0,0.5555555555555556,0.0,0.0,30.11111111111111,0.0,92.77777777777779,0.0,0.0,30.11111111111111,0.0,0.0,0.0,0.0,0.0,0.0,0.0,0.0,146.66666666666666,0.0,0.0,0.0,7.333333333333333,0.8888888888888888,0.0,0.0,0.0,0.0,0.0,0.0,0.0,0.0,0.1111111111111111,0.0,0.2222222222222222,0.0,0.33333333333333337,7.111111111111111,0.4444444444444444,0.0,0.4444444444444444,0.8888888888888888,0.0,0.7777777777777778,7.222222222222221,0.0,0.0,0.0,0.0,0.0,0.0,0.0,0.0,0.0,0.0,0.0,5.555555555555555,0.0,0.0,0.0,0.0,1.4444444444444444,0.0,0.0,0.0,0.0,0.1111111111111111,0.0,0.0,0.0,0.8888888888888888,10.444444444444445,0.0,0.0,0.0,4.0,22.0,0.0,0.2222222222222222,0.0,0.1111111111111111,0.0,0.0,0.0,0.0,0.0,0.0,0.7777777777777778,0.0,0.0,0.0,0.0,6.444444444444445,0.4444444444444444,0.0,2.3333333333333335,0.0,0.0,0.0,0.0,3.888888888888889,1.5555555555555556,0.0,0.0,0.0,0.0,11.11111111111111,0.0,0.0,29.11111111111111,0.0,1.2222222222222223,0.0,0.0,8.555555555555555,0.0,0.0,0.0,0.1111111111111111,0.33333333333333337,0.0,12.0,0.0,0.0,0.1111111111111111,0.0,0.0,1.2222222222222223,0.0,0.0,5.666666666666666,0.0,3.111111111111111,0.7777777777777778,0.0,7.111111111111111,0.0,11.11111111111111,0.0,7.777777777777778,0.0,0.2222222222222222,0.0,0.0,0.0,0.0,0.0,0.0,0.0,0.4444444444444444,0.0,13.0,0.0,0.0,0.0,0.0,3.0,0.0,0.0,0.0,0.0,0.0,2.0,0.0,0.33333333333333337,0.0,2.7777777777777777,0.0,0.2222222222222222,0.0,0.0,7.000000000000001,0.0,0.0,0.0,0.0,0.0,0.0,0.0,0.0,1.8888888888888888,0.0,4.555555555555555,0.0,0.0,0.0,6.0,0.33333333333333337,0.2222222222222222,0.0,0.0,0.0,0.0,0.0,0.0,0.0,0.0,0.6666666666666667,0.0,0.0,6.333333333333334,0.0,33.88888888888889,20.22222222222222,4.777777777777778,2.111111111111111,0.0,0.0,0.0,0.0,0.0,18.88888888888889,0.0,0.0,0.0,0.0,0.0,0.0,0.0,0.0,0.0,0.0
Vitamin C,90.0,"Vitamin C, total ascorbic acid",0.0,0.0,0.0,23.333333333333332,3.4444444444444446,0.0,19.555555555555557,0.0,15.666666666666668,4.222222222222222,6.555555555555556,0.0,0.2222222222222222,0.0,16.666666666666664,0.0,0.0,0.0,0.6666666666666666,0.0,0.0,0.0,0.0,0.0,2.5555555555555554,110.55555555555556,8.88888888888889,0.0,0.0,50.111111111111114,0.0,0.0,0.0,0.0,0.0,0.0,0.0,99.11111111111111,0.0,0.0,94.44444444444444,0.0,4.666666666666667,0.0,0.0,39.77777777777777,0.0,0.0,0.0,6.555555555555556,0.0,0.0,0.0,9.11111111111111,4.444444444444445,0.0,0.0,0.0,26.666666666666668,0.0,4.0,34.888888888888886,0.0,0.0,0.0,14.555555555555555,0.2222222222222222,0.0,3.888888888888889,0.0,39.22222222222222,23.333333333333332,0.0,0.0,0.0,3.6666666666666665,27.77777777777778,1.1111111111111112,0.0,2.7777777777777777,8.555555555555555,5.222222222222222,0.0,2.3333333333333335,1.0,0.0,7.888888888888888,12.88888888888889,0.0,0.0,0.0,88.88888888888889,0.0,4.777777777777778,0.0,0.0,22.555555555555557,0.0,0.0,20.88888888888889,0.0,0.0,0.0,0.0,0.0,0.0,0.5555555555555556,27.666666666666668,0.0,4.444444444444445,0.0,4.444444444444445,0.0,0.0,11.777777777777777,4.444444444444445,26.666666666666668,0.0,8.222222222222223,6.666666666666667,0.0,33.33333333333333,0.0,0.0,79.44444444444444,1.3333333333333333,33.33333333333333,0.0,0.0,0.0,5.888888888888888,0.0,0.0,0.0,0.0,9.0,0.4444444444444444,52.33333333333333,3.2222222222222223,0.0,0.5555555555555556,0.0,0.0,3.3333333333333335,0.4444444444444444,0.0,0.0,28.111111111111114,0.0,2.0,6.666666666666667,0.0,0.0,0.0,13.999999999999998,37.0,0.0,0.0,5.888888888888888,4.0,0.0,4.777777777777778,1.2222222222222223,23.333333333333332,4.444444444444445,0.0,0.0,0.8888888888888888,0.0,4.444444444444445,6.333333333333334,6.888888888888889,11.333333333333332,0.3333333333333333,0.0,0.3333333333333333,0.2222222222222222,1.2222222222222223,0.5555555555555556,0.0,4.777777777777778,4.444444444444445,2.5555555555555554,7.888888888888888,16.666666666666664,3.7777777777777777,0.0,6.666666666666667,16.444444444444446,6.777777777777777,0.0,0.0,6.333333333333334,2.7777777777777777,0.0,0.0,0.0,27.333333333333336,0.0,89.77777777777777,0.0,0.0,43.888888888888886,1.2222222222222223,0.3333333333333333,0.0,1.7777777777777777,0.0,0.0,10.777777777777777,0.0,0.0,0.0,8.88888888888889,0.0,0.0,0.0,0.0,0.0,0.0,0.0,0.0,31.333333333333336,3.7777777777777777,0.0,3.6666666666666665,0.0,5.333333333333333,0.0,0.0,0.0,3.888888888888889,0.0,0.0,0.0,0.0,0.0,0.0,1.2222222222222223,0.0,13.0,0.0,0.0,2.0,6.333333333333334,28.666666666666668,0.0,1.5555555555555556,16.88888888888889,0.0,0.0,0.0,0.0,0.0,34.77777777777778,0.0,0.0,0.0,0.0,0.0,20.444444444444443,0.7777777777777778,0.0,13.999999999999998,0.0
Calcium,1300.0,"Calcium, Ca",26.692307692307693,0.0,17.846153846153847,49.69230769230769,0.0,0.0,0.0,0.0,13.538461538461538,0.3076923076923077,1.8461538461538463,0.3076923076923077,2.6153846153846154,0.0,9.615384615384617,0.8461538461538461,0.0,1.6923076923076923,2.0,0.0,1.153846153846154,1.5384615384615385,0.0,0.3076923076923077,0.8461538461538461,0.576923076923077,0.15384615384615385,41.23076923076923,0.0,8.153846153846153,0.0,7.307692307692308,0.0,0.0,0.0,26923.076923076922,0.7692307692307693,3.1538461538461537,6.153846153846154,3.6153846153846154,3.230769230769231,3.4615384615384617,1.8461538461538463,9.615384615384617,2.5384615384615383,1.153846153846154,0.0,51.76923076923077,0.0,2.5384615384615383,0.0,0.0,21.153846153846153,2.769230769230769,0.6153846153846154,25.615384615384617,0.0,3.076923076923077,0.0,0.0,7.6923076923076925,3.4615384615384617,15.0,0.0,0.0,3.307692307692308,48.61538461538461,0.0,2.6923076923076925,336.9230769230769,9.076923076923077,54.53846153846153,0.0,0.0,9.769230769230768,7.000000000000001,0.0,0.23076923076923078,5.461538461538462,1.0769230769230769,71.61538461538461,6.769230769230769,0.0,4.153846153846154,0.8461538461538461,2.6923076923076925,7.461538461538461,4.3076923076923075,0.0,1.153846153846154,0.38461538461538464,51.30769230769231,0.0,54.92307692307692,0.0,54.92307692307692,0.0,0.0,1.3076923076923077,5.538461538461538,0.0,0.0,1.5384615384615385,1.8461538461538463,0.6153846153846154,11.23076923076923,0.46153846153846156,4.3076923076923075,41.23076923076923,1.0769230769230769,0.0,5.153846153846154,1.5384615384615385,0.5384615384615384,4.769230769230769,0.0,0.0,1.7692307692307692,1.9230769230769231,2.076923076923077,1.2307692307692308,1.0769230769230769,0.0,8.153846153846153,0.38461538461538464,6.538461538461539,1.0769230769230769,7.6923076923076925,0.07692307692307693,0.0,1.0,10.615384615384615,0.0,41.23076923076923,0.0,2.5384615384615383,4.846153846153846,8.153846153846153,0.15384615384615385,0.0,2.8461538461538463,0.0,4.0,4.230769230769231,4.615384615384616,1.2307692307692308,0.0,0.6923076923076923,0.0,7.384615384615385,11.538461538461538,20.076923076923077,65.61538461538461,0.0,2.769230769230769,0.0,0.0,9.461538461538462,1.6923076923076923,4.6923076923076925,3.769230769230769,0.6923076923076923,5.384615384615385,33.61538461538461,1.6923076923076923,0.8461538461538461,0.0,1.2307692307692308,2.769230769230769,10.23076923076923,0.38461538461538464,0.6153846153846154,3.230769230769231,4.538461538461538,0.0,1.153846153846154,3.230769230769231,0.0,2.5384615384615383,0.0,2.3846153846153846,2.5384615384615383,1.153846153846154,13.538461538461538,0.8461538461538461,1.0769230769230769,1.5384615384615385,1.5384615384615385,1.9230769230769231,2.6153846153846154,0.0,0.6153846153846154,5.615384615384615,2.1538461538461537,19.076923076923077,0.0,0.0,3.076923076923077,5.384615384615385,8.538461538461538,0.0,0.38461538461538464,5.076923076923077,1.3846153846153846,0.46153846153846156,23.53846153846154,2.076923076923077,1.4615384615384615,0.0,1.3846153846153846,0.0,1.4615384615384615,0.0,2.8461538461538463,4.923076923076923,0.0,5.461538461538462,5.153846153846154,5.230769230769231,13.153846153846155,2.5384615384615383,0.38461538461538464,7.615384615384616,1.6153846153846154,5.615384615384615,1.0769230769230769,0.0,2.0,66.92307692307692,1.153846153846154,7.307692307692308,5.6923076923076925,0.0,0.0,0.0,0.0,0.0,0.0,1.3846153846153846,0.0,0.5384615384615384,0.0,11.0,2.6153846153846154,2.923076923076923,8.76923076923077,9.0,0.7692307692307693,1.6153846153846154,0.0,0.5384615384615384,0.0,15.923076923076923,3.1538461538461537,9.615384615384617,0.0,0.0,0.6923076923076923,0.0,0.38461538461538464,1.5384615384615385,9.076923076923077,0.0,1.6153846153846154,3.230769230769231
Iron,18.0,"Iron, Fe",19.38888888888889,0.0,25.722222222222225,205.55555555555554,1.277777777777778,0.0,0.0,3.3333333333333335,7.055555555555555,0.0,11.777777777777779,0.0,1.9444444444444444,0.0,6.222222222222222,7.111111111111111,0.0,6.222222222222222,8.88888888888889,23.555555555555557,10.11111111111111,12.88888888888889,12.611111111111112,0.1111111111111111,2.2777777777777777,1.0333333333333332,233.33333333333334,0.0,0.0,4.888888888888889,0.0,21.944444444444443,0.2222222222222222,5.277777777777778,0.0,19.833333333333332,15.222222222222223,4.055555555555555,6.5555555555555545,9.277777777777779,7.777777777777778,9.11111111111111,7.055555555555555,0.0,13.88888888888889,1.5000000000000002,0.0,3.5555555555555554,0.0,1.6666666666666667,9.277777777777779,0.0,66.11111111111111,1.8333333333333333,1.3888888888888888,0.0,0.0,8.0,4.0,0.0,34.0,33.55555555555556,19.499999999999996,0.0,0.0,7.166666666666667,65.55555555555556,10.722222222222221,4.722222222222222,25.0,0.0,90.55555555555556,0.0,4.777777777777778,0.0,2.7777777777777777,0.8333333333333334,2.2777777777777777,0.0,1.3333333333333333,368.8888888888889,10.444444444444443,0.0,1.277777777777778,2.166666666666667,8.833333333333334,11.555555555555557,4.666666666666666,0.0,0.0,0.5555555555555556,0.0,0.2222222222222222,0.0,0.0,0.0,0.0,0.0,1.6666666666666667,8.222222222222223,13.38888888888889,8.944444444444445,3.055555555555556,5.888888888888889,4.666666666666666,24.38888888888889,2.333333333333333,2.333333333333333,0.0,18.88888888888889,0.3888888888888889,6.666666666666667,10.5,7.111111111111111,12.166666666666666,0.0,0.0,0.0,8.0,3.5555555555555554,12.388888888888888,0.5,0.0,1.8333333333333333,1.7222222222222223,20.5,10.722222222222221,10.0,0.5,0.0,6.277777777777777,0.0,0.0,0.0,0.0,27.77777777777778,8.833333333333334,6.5555555555555545,1.6666666666666667,0.0,37.111111111111114,0.0,23.61111111111111,27.333333333333332,18.88888888888889,19.555555555555557,0.0,0.0,0.0,13.555555555555554,0.0,76.66666666666667,2.722222222222222,0.0,3.111111111111111,6.666666666666667,17.833333333333336,21.11111111111111,8.88888888888889,6.055555555555555,9.61111111111111,1.0,14.055555555555554,160.55555555555554,2.333333333333333,17.833333333333336,13.333333333333334,30.72222222222222,3.5555555555555554,26.666666666666668,0.7222222222222223,0.0,0.0,1.3888888888888888,7.055555555555555,4.055555555555555,4.611111111111111,0.0,4.166666666666666,7.944444444444445,15.555555555555555,3.3333333333333335,24.5,4.722222222222222,3.888888888888889,4.277777777777778,13.055555555555557,2.0,1.8888888888888888,16.944444444444443,0.0,2.555555555555556,1.1111111111111112,10.444444444444443,1.5000000000000002,0.0,0.2222222222222222,2.0,16.27777777777778,61.66666666666667,0.0,0.5555555555555556,5.277777777777778,1.7777777777777777,0.8333333333333334,17.333333333333336,20.0,6.5555555555555545,0.2222222222222222,6.722222222222222,19.333333333333332,3.3333333333333335,0.0,6.666666666666667,2.9444444444444446,0.0,2.333333333333333,0.0,13.611111111111112,28.888888888888893,8.055555555555555,0.5555555555555556,13.055555555555557,1.8333333333333333,7.277777777777778,9.777777777777779,1.4444444444444446,3.2222222222222223,0.0,5.444444444444444,9.833333333333332,15.555555555555555,0.0,0.0,0.0,0.0,0.2222222222222222,0.0,3.5555555555555554,0.0,3.4444444444444446,0.0,7.166666666666667,6.277777777777777,3.7777777777777777,9.055555555555555,1.8888888888888888,6.166666666666668,7.166666666666667,0.0,1.1111111111111112,0.2222222222222222,20.666666666666668,2.7777777777777777,1.1666666666666665,0.0,0.2222222222222222,1.5000000000000002,8.88888888888889,0.5555555555555556,2.055555555555556,0.0,0.0,2.4444444444444446,6.333333333333332
Vitamin D,20.0,Vitamin D (D2 + D3),0.0,0.0,8.5,0.0,0.0,0.0,0.0,0.0,0.0,0.0,0.0,0.0,0.0,0.0,0.0,0.5,0.0,21.5,0.0,0.0,1.0,0.0,0.0,0.0,0.0,0.0,0.0,0.0,0.0,0.0,0.0,0.0,0.0,0.0,0.0,0.0,1.0,0.0,0.0,0.0,0.0,0.0,0.0,0.0,0.0,0.0,0.0,0.0,0.0,0.0,0.0,0.0,14.499999999999998,0.0,0.0,0.0,0.0,0.0,0.0,0.0,0.0,0.0,0.0,0.0,0.0,1.0,0.0,0.0,0.0,0.0,0.0,0.0,0.0,0.0,0.0,0.0,0.0,0.0,0.0,0.0,0.0,0.0,0.0,0.0,0.0,0.0,0.0,0.0,0.0,0.0,0.0,0.0,0.0,0.0,0.0,0.0,0.0,0.0,0.0,0.0,0.0,0.0,0.0,0.0,3.4999999999999996,0.0,0.0,0.0,0.0,0.0,0.0,0.0,0.5,0.0,0.0,0.0,0.0,0.0,0.0,0.0,0.0,0.0,0.0,0.0,0.0,0.0,0.0,0.0,0.0,0.0,0.0,0.0,0.0,0.0,0.0,0.0,0.0,0.0,0.0,0.0,0.0,0.0,0.0,0.0,0.0,0.0,0.0,0.0,0.0,2.0,0.0,0.0,2.5,0.0,0.0,0.0,0.0,0.0,0.0,0.0,0.0,0.0,0.0,0.0,0.0,0.0,0.0,0.0,0.0,0.0,0.0,0.0,0.0,0.5,0.0,2.0,4.0,0.0,2.5,0.0,0.0,0.0,1.0,0.0,0.0,0.0,0.0,0.0,0.0,0.0,0.0,0.0,0.0,0.0,1.0,0.0,0.0,0.0,0.0,0.0,0.0,0.0,0.0,0.0,0.0,13.5,0.0,0.0,0.0,0.0,0.0,0.0,0.0,0.0,0.5,0.0,0.0,0.0,0.0,0.0,0.0,0.0,0.0,0.0,0.0,0.0,0.0,0.0,0.0,73.0,0.0,0.0,0.0,0.0,0.0,0.0,0.0,0.0,0.0,0.0,0.0,0.0,0.0,60.5,0.0,0.0,1.5,0.0,3.4999999999999996,0.0,0.0,0.0,0.0,0.0,0.0,0.0,0.0,0.0,0.0,0.0,0.0,0.0,0.0,0.0,0.0
Vitamin E,15.0,Vitamin E (alpha-tocopherol),161.33333333333331,0.0,22.2,0.0,0.0,0.0,0.0,0.0,0.0,0.8,0.0,0.0,30.666666666666664,0.0,0.0,1.5333333333333334,0.0,17.066666666666666,6.066666666666666,0.0,4.933333333333334,0.0,0.0,0.0,0.4,0.0,0.0,0.0,0.0,0.0,0.0,0.46666666666666673,0.0,0.0,0.0,0.0,0.9333333333333335,0.0,0.0,0.0,5.866666666666666,0.0,0.0,0.0,0.7333333333333333,0.0,0.0,0.0,0.0,4.4,0.0,0.0,12.6,0.0,0.06666666666666667,0.0,0.0,0.0,0.0,0.0,0.0,20.933333333333334,0.0,0.0,0.0,4.733333333333333,58.8,0.0,0.0,0.0,0.0,0.0,0.0,0.0,0.0,12.266666666666667,0.0,6.200000000000001,0.0,0.13333333333333333,22.2,0.7333333333333333,0.0,0.8,1.3333333333333335,0.0,5.133333333333334,7.066666666666667,0.0,0.0,0.0,0.0,0.0,0.0,18.000000000000004,0.0,0.0,0.0,0.0,3.6666666666666665,0.0,0.0,0.0,0.0,1.4666666666666666,0.0,0.0,0.06666666666666667,0.0,1.2666666666666666,0.0,0.0,0.9333333333333335,1.8000000000000003,8.8,0.0,0.0,0.0,8.533333333333333,1.3333333333333335,8.133333333333333,1.4666666666666666,0.0,7.333333333333333,0.46666666666666673,3.6000000000000005,0.0,0.0,0.0,0.0,0.0,0.0,0.0,0.0,0.0,4.666666666666666,2.333333333333333,0.0,4.066666666666666,0.0,6.000000000000001,1.3333333333333335,2.8000000000000003,18.866666666666667,40.93333333333333,0.0,0.0,0.0,0.0,8.933333333333334,0.0,0.0,3.5333333333333337,0.0,8.733333333333333,0.0,0.0,15.4,0.0,0.0,60.73333333333333,0.8,9.333333333333332,0.0,12.933333333333334,0.5333333333333333,0.0,62.2,0.0,0.0,1.3333333333333335,0.0,0.0,15.733333333333333,0.0,2.8666666666666667,2.733333333333333,0.0,9.266666666666666,0.0,0.0,0.0,4.666666666666666,0.0,0.0,0.0,2.933333333333333,0.0,0.0,0.0,0.0,0.0,1.6,0.0,1.1333333333333333,0.0,0.0,0.0,0.0,0.0,0.0,0.0,0.0,0.0,0.0,8.200000000000001,0.0,12.8,0.0,6.000000000000001,0.0,33.33333333333333,9.333333333333332,0.26666666666666666,15.2,0.0,0.0,0.0,0.0,6.7333333333333325,0.0,0.0,0.0,3.066666666666667,0.0,2.0666666666666664,0.0,0.0,0.0,18.266666666666666,3.6000000000000005,0.6666666666666667,0.0,0.0,0.0,0.0,0.0,0.0,0.0,0.0,2.533333333333333,0.0,0.0,24.666666666666668,0.0,0.0,3.4000000000000004,4.266666666666667,3.733333333333334,0.0,0.0,0.0,0.0,26.066666666666666,9.4,0.0,0.0,0.0,0.0,0.0,0.0,0.0,0.0,0.0,0.0
Vitamin K,120.0,Vitamin K (phylloquinone),0.0,0.0,10.083333333333332,0.0,0.0,0.0,0.0,0.0,0.0,3.75,0.0,0.0,80.58333333333334,0.0,0.0,1.7500000000000002,0.0,10.916666666666666,1.4166666666666665,0.0,0.0,0.0,0.0,0.0,0.25,0.0,0.0,0.0,0.0,0.0,0.0,2.5833333333333335,0.0,0.0,0.0,0.0,1.4166666666666665,0.0,0.0,0.0,147.5,0.0,0.0,0.0,36.333333333333336,0.0,0.0,0.0,0.0,11.0,0.0,0.0,0.5,0.0,0.08333333333333334,0.0,0.0,0.0,0.0,0.0,0.0,90.0,0.0,0.0,0.0,6.916666666666667,118.33333333333333,0.0,0.0,0.0,0.0,0.0,0.0,0.0,0.0,0.25,0.0,1.1666666666666665,0.0,8.333333333333332,4.500000000000001,2.75,0.0,14.000000000000002,0.25,0.0,20.0,61.74999999999999,0.0,0.0,0.0,0.0,0.0,0.0,0.0,0.0,0.0,0.0,0.0,172.5,0.0,0.0,0.0,0.0,0.0,0.0,0.0,1.0833333333333335,0.0,0.08333333333333334,0.0,0.0,3.5833333333333335,0.0,42.75,0.0,0.0,0.0,7.5,62.66666666666667,7.5,0.5,0.0,0.0,0.33333333333333337,0.0,0.0,0.0,0.0,0.0,0.0,0.0,0.0,0.0,0.0,0.08333333333333334,1.25,0.0,1.6666666666666667,0.0,28.416666666666668,0.0,1.6666666666666667,10.916666666666666,5.25,0.0,0.0,0.0,0.0,27.083333333333332,0.0,0.0,1.4166666666666665,0.0,2.666666666666667,0.0,0.0,41.916666666666664,0.0,0.0,0.25,3.5000000000000004,2.9166666666666665,0.0,5.75,2.083333333333333,0.0,44.916666666666664,0.0,0.0,4.0,0.0,0.0,41.833333333333336,0.0,2.5833333333333335,0.4166666666666667,0.0,7.166666666666667,0.0,0.0,0.0,3.5000000000000004,0.0,0.0,0.0,1.3333333333333335,141.66666666666669,1.0833333333333335,0.0,0.0,0.33333333333333337,21.916666666666668,0.0,0.5,0.0,0.0,0.0,0.0,0.0,0.0,0.0,0.0,0.0,0.16666666666666669,1.25,0.0,10.833333333333334,0.0,2.5,0.0,46.666666666666664,11.333333333333332,0.6666666666666667,5.0,0.0,0.0,0.0,0.0,9.916666666666666,0.0,0.0,403.3333333333333,2.5,0.0,5.083333333333333,0.0,0.0,0.0,3.5000000000000004,8.916666666666666,2.333333333333333,0.0,0.0,0.0,0.0,0.0,0.0,0.0,0.0,8.416666666666666,0.0,0.0,10.916666666666666,0.0,0.0,1.0833333333333335,15.833333333333332,2.0,0.0,0.0,0.0,0.0,2.9166666666666665,219.16666666666669,0.0,0.0,0.33333333333333337,0.0,0.0,0.0,0.0,0.0,0.0,0.0
Thiamin,1.2,Thiamin,3.416666666666667,0.0,6.5,28.33333333333334,0.0,0.0,0.0,0.0,0.0,0.75,0.0,0.0,1.6666666666666667,0.0,0.0,6.666666666666667,0.0,18.0,7.5,0.0,2.5,8.333333333333334,0.0,0.4166666666666667,0.8333333333333334,3.2583333333333337,0.0,0.0,0.0,0.0,0.0,38.583333333333336,0.5,0.0,0.0,0.0,5.916666666666667,0.0,0.0,0.0,11.583333333333334,0.0,0.0,0.0,0.8333333333333334,0.0,0.0,2.5833333333333335,0.0,5.500000000000001,0.0,0.0,15.833333333333336,0.0,2.0,0.0,0.0,0.0,0.0,0.0,0.0,6.75,0.0,0.0,0.0,13.25,13.166666666666668,0.0,0.0,0.0,0.0,19.916666666666664,0.0,0.0,0.0,1.916666666666667,0.0,1.25,0.0,1.7500000000000002,52.33333333333333,13.333333333333334,0.0,3.916666666666667,1.916666666666667,0.0,22.916666666666668,0.8333333333333334,0.0,0.0,0.0,0.0,0.5,0.0,0.0,0.0,0.0,0.0,0.0,4.583333333333334,0.0,0.0,0.0,0.0,35.5,0.0,0.0,0.6666666666666667,0.0,16.666666666666668,0.0,0.0,8.666666666666668,8.333333333333334,4.666666666666667,0.0,0.0,0.0,5.833333333333334,4.666666666666667,11.833333333333334,2.0833333333333335,0.0,1.8333333333333333,0.9166666666666666,100.0,0.0,0.0,0.4166666666666667,0.0,2.0833333333333335,0.0,0.0,0.0,0.0,14.333333333333334,15.75,0.0,2.8333333333333335,0.0,35.25,0.0,38.333333333333336,13.750000000000002,0.6666666666666667,83.33333333333334,0.0,0.0,0.0,12.333333333333334,0.0,0.0,2.166666666666667,0.0,6.666666666666667,0.0,83.33333333333334,51.16666666666667,0.0,0.0,11.500000000000002,1.0,55.00000000000001,0.0,4.666666666666667,45.083333333333336,0.0,30.333333333333336,0.0,0.0,1.4166666666666667,0.0,0.0,2.0,0.0,37.333333333333336,27.166666666666668,0.0,8.916666666666668,0.0,3.3333333333333335,0.0,18.25,0.0,1.6666666666666667,0.0,5.0,0.0,1.0,0.0,0.0,0.4166666666666667,1.1666666666666667,0.0,2.666666666666667,0.0,0.5,0.0,0.0,9.583333333333334,0.0,0.0,0.0,0.0,0.25,22.500000000000004,0.0,12.5,0.5,10.583333333333334,0.0,0.0,0.0,5.0,5.583333333333334,0.0,0.0,0.0,0.0,27.750000000000004,2.7500000000000004,0.0,0.0,3.0833333333333335,0.0,6.916666666666667,0.0,0.0,0.0,13.583333333333334,12.5,35.66666666666667,0.0,0.0,0.0,0.0,0.5,0.0,0.0,0.0,3.6666666666666665,0.0,0.0,18.583333333333336,0.0,3.6666666666666665,3.416666666666667,7.833333333333334,2.5,0.0,0.0,0.5,0.0,4.166666666666667,7.000000000000001,0.0,0.5,0.4166666666666667,0.0,0.0,0.0,0.0,0.0,0.0,0.0
Riboflavin,1.3,Riboflavin,72.23076923076923,0.0,27.923076923076923,22.307692307692307,0.0,0.0,0.0,0.0,0.0,0.7692307692307692,0.0,0.0,3.8461538461538463,0.0,0.0,4.615384615384615,0.0,12.307692307692307,7.6923076923076925,0.0,6.9230769230769225,16.92307692307692,0.0,1.9230769230769231,3.692307692307692,6.8307692307692305,0.0,0.0,0.0,0.0,0.0,23.846153846153843,0.3076923076923077,0.0,0.0,0.0,17.076923076923077,0.0,0.0,0.0,6.9230769230769225,0.0,0.0,0.0,16.153846153846153,0.0,0.0,34.61538461538461,0.0,4.461538461538462,0.0,0.0,47.692307692307686,0.0,1.3076923076923077,0.0,0.0,0.0,0.0,0.0,0.0,92.3076923076923,0.0,0.0,0.0,7.307692307692308,16.92307692307692,0.0,0.0,0.0,0.0,22.307692307692307,0.0,0.0,0.0,7.153846153846153,0.0,1.6153846153846154,0.0,1.846153846153846,25.153846153846153,10.923076923076922,0.0,4.384615384615385,1.0769230769230769,92.3076923076923,9.461538461538462,2.6923076923076925,0.0,0.0,0.0,0.0,0.3076923076923077,0.0,0.0,0.0,0.0,0.0,0.0,6.153846153846153,0.0,0.0,0.0,0.0,14.692307692307693,0.0,2.923076923076923,1.846153846153846,0.0,4.615384615384615,0.0,0.0,20.23076923076923,7.384615384615384,2.3076923076923075,0.0,0.0,0.0,4.461538461538462,4.076923076923077,3.769230769230769,1.1538461538461537,0.0,1.3076923076923077,5.0,12.461538461538462,0.0,0.0,0.3846153846153846,0.0,1.1538461538461537,15.999999999999998,0.0,0.0,0.0,19.46153846153846,5.076923076923077,0.0,2.076923076923077,0.0,4.461538461538462,0.0,11.923076923076922,7.846153846153846,0.15384615384615385,25.538461538461537,0.0,1.1538461538461537,0.0,8.692307692307692,0.0,0.0,27.538461538461533,0.0,3.8461538461538463,0.0,23.384615384615383,24.153846153846153,11.615384615384615,0.0,14.692307692307693,1.9999999999999998,10.0,0.0,4.384615384615385,26.23076923076923,0.0,17.46153846153846,0.0,0.0,1.4615384615384615,0.0,0.0,4.461538461538462,0.0,12.538461538461537,19.0,0.0,10.999999999999998,0.0,0.0,0.0,23.0,0.0,2.3076923076923075,0.0,13.0,0.0,3.0,22.153846153846153,0.0,2.3846153846153846,2.1538461538461537,0.0,19.692307692307693,0.0,0.3076923076923077,0.0,0.0,20.53846153846154,0.0,0.0,0.0,0.0,0.6153846153846154,17.923076923076923,0.0,6.461538461538462,0.3076923076923077,6.384615384615384,0.0,0.0,0.0,1.5384615384615383,3.0769230769230766,0.0,0.0,0.0,0.0,26.846153846153843,12.692307692307692,0.0,0.0,1.6153846153846154,0.0,4.538461538461537,0.0,0.0,0.0,7.846153846153846,8.153846153846153,11.692307692307692,0.0,0.0,0.0,0.0,0.3076923076923077,0.0,0.0,0.0,2.6923076923076925,0.0,0.0,10.615384615384615,0.0,6.769230769230769,12.846153846153847,20.153846153846153,5.0,0.0,0.0,0.3076923076923077,0.0,5.384615384615385,9.153846153846153,0.0,0.3076923076923077,1.1538461538461537,17.46153846153846,0.0,0.0,0.0,0.0,0.0,0.0
Niacin,16.0,Niacin,19.75,0.0,124.37499999999999,19.125,0.0,0.0,0.0,0.0,0.0,1.36875,0.0,0.0,0.8750000000000001,0.0,0.0,12.4375,0.0,14.000000000000002,2.6875,0.0,26.937499999999996,35.875,0.0,3.2062500000000003,1.56875,3.975,0.0,0.0,0.0,0.0,0.0,27.9375,0.08125,0.0,0.0,0.0,23.125,0.0,0.0,0.0,4.65625,0.0,0.0,0.0,6.875000000000001,0.0,0.0,1.125,0.0,6.14375,0.0,0.0,0.75,0.0,0.8375,0.0,0.0,0.0,0.0,0.0,0.0,54.1875,0.0,0.0,0.0,13.5625,9.75,0.0,0.0,0.0,0.0,13.3125,0.0,0.0,0.0,17.1875,0.0,0.625,0.0,0.44999999999999996,28.625,10.125,0.0,0.68125,1.49375,0.0,9.6875,4.33125,0.0,0.0,0.0,0.0,0.08125,0.0,0.0,0.0,0.0,0.0,0.0,3.28125,0.0,0.0,0.0,0.0,37.875,0.0,0.75625,2.4125,0.0,8.125,0.01875,0.0,43.25,25.5625,2.475,0.0,0.0,0.0,4.9375,1.55625,2.325,0.8875,0.0,11.9375,3.76875,15.437500000000002,0.0,0.0,0.15625,0.0,3.5312499999999996,0.0,0.0,0.0,0.0,12.0,3.5062500000000005,0.0,7.000000000000001,0.0,6.625,0.0,7.000000000000001,15.875,0.5625,29.312500000000004,0.0,1.1125,0.0,11.5,0.0,0.0,0.5,0.0,4.38125,0.0,33.5,31.624999999999996,11.125,0.0,83.125,1.0125,7.3125,0.0,1.49375,25.4375,0.0,27.437499999999996,0.0,0.0,1.75625,0.0,0.0,0.29375,0.0,36.125,34.25,0.0,6.2,0.0,15.625,0.0,49.3125,0.0,1.25,0.0,44.375,0.0,1.5875,21.1875,0.0,1.4000000000000001,1.5125,0.0,0.76875,0.0,0.08125,0.0,0.0,9.125,0.0,0.0,0.0,0.0,0.36874999999999997,31.4375,0.0,9.625,0.08125,14.249999999999998,0.0,0.0,0.0,1.25,13.625000000000002,0.0,0.0,0.0,0.0,18.625,13.750000000000002,0.0,0.0,4.9,0.0,8.4375,0.0,0.0,0.0,55.0625,9.375,12.125,0.0,0.0,0.0,0.0,0.08125,0.0,0.0,0.0,11.5625,0.0,0.0,32.875,0.0,2.4250000000000003,0.5125000000000001,40.1875,14.499999999999998,0.0,0.0,0.08125,0.0,1.0,1.2375,0.0,0.08125,0.675,41.6875,0.0,0.0,0.0,0.0,0.0,0.0
Vitamin B6,1.7,Vitamin B-6,6.0588235294117645,0.0,11.941176470588237,38.235294117647065,0.0,0.0,0.0,0.0,0.0,1.2941176470588236,0.0,0.0,0.5882352941176471,0.0,0.0,8.588235294117647,0.0,16.823529411764703,6.764705882352942,0.0,15.0,27.647058823529413,0.0,2.705882352941176,2.9411764705882355,14.529411764705882,0.0,0.0,0.0,0.0,0.0,5.411764705882352,0.05882352941176471,0.0,0.0,0.0,20.823529411764703,0.0,0.0,0.0,12.88235294117647,0.0,0.0,0.0,12.529411764705884,0.0,0.0,4.352941176470588,0.0,8.11764705882353,0.0,0.0,18.823529411764707,0.0,3.2352941176470593,0.0,0.0,0.0,0.0,0.0,0.0,47.64705882352941,0.0,0.0,0.0,8.529411764705882,23.0,0.0,0.0,0.0,0.0,0.0,0.0,0.0,0.0,9.176470588235293,0.0,0.823529411764706,0.0,2.176470588235294,25.588235294117645,17.41176470588235,0.0,2.0,1.8823529411764708,8.352941176470589,6.235294117647059,3.9411764705882355,0.0,0.0,0.0,0.0,0.05882352941176471,0.0,0.0,0.0,0.0,0.0,0.0,3.5882352941176467,0.0,0.0,0.0,0.0,24.176470588235293,0.0,1.411764705882353,4.294117647058823,0.0,4.529411764705882,0.0,0.0,8.470588235294118,5.529411764705882,13.882352941176471,0.0,0.0,0.0,7.647058823529412,3.882352941176471,8.352941176470589,2.235294117647059,0.0,6.9411764705882355,5.882352941176471,16.176470588235293,0.0,0.0,0.23529411764705885,0.0,3.705882352941177,0.0,0.0,0.0,0.0,3.3529411764705883,4.058823529411765,0.0,1.4705882352941178,0.0,24.529411764705884,0.0,5.882352941176471,15.235294117647062,0.823529411764706,0.0,0.0,2.1176470588235294,0.0,4.176470588235294,0.0,0.0,4.764705882352942,0.0,6.235294117647059,0.0,0.0,32.235294117647065,0.0,0.0,26.11764705882353,1.647058823529412,12.352941176470589,0.0,14.058823529411764,1.7647058823529411,0.0,5.529411764705882,0.0,58.82352941176471,1.2352941176470589,0.0,0.0,1.2941176470588236,0.0,24.176470588235293,18.176470588235293,0.0,5.470588235294118,0.0,0.0,0.0,36.294117647058826,0.0,2.3529411764705883,0.0,19.823529411764707,0.0,4.176470588235294,0.0,0.0,3.3529411764705883,1.1764705882352942,0.0,3.5294117647058822,0.0,0.05882352941176471,0.0,0.0,59.411764705882355,0.0,0.0,0.0,0.0,1.5294117647058822,7.882352941176471,0.0,3.705882352941177,0.05882352941176471,6.352941176470589,0.0,0.0,0.0,20.294117647058822,10.117647058823529,0.0,0.0,0.0,0.0,30.176470588235293,8.705882352941176,0.0,0.0,6.588235294117648,0.0,7.294117647058823,0.0,0.0,0.0,32.35294117647059,6.0588235294117645,3.882352941176471,0.0,0.0,0.0,0.0,0.05882352941176471,0.0,0.0,0.0,3.294117647058824,0.0,0.0,14.411764705882351,0.0,4.352941176470588,2.6470588235294117,11.176470588235295,9.23529411764706,0.0,0.0,0.05882352941176471,0.0,2.9411764705882355,8.529411764705882,0.0,0.05882352941176471,2.9411764705882355,26.11764705882353,0.0,0.0,0.0,0.0,0.0,0.0
Folate,400.0,"Folate, DFE",13.25,0.0,3.25,2.5,0.0,0.0,0.0,0.0,0.0,2.0,0.0,0.0,1.0,0.0,0.0,4.0,0.0,10.25,5.25,0.0,0.0,2.0,0.0,1.5,6.75,0.0,0.0,0.0,0.0,0.0,0.0,42.75,0.0,0.0,0.0,0.0,2.0,0.0,0.0,0.0,15.25,0.0,0.0,0.0,13.0,0.0,0.0,4.5,0.0,4.75,0.0,0.0,12.5,0.0,1.7500000000000002,0.0,0.0,0.0,0.0,0.0,0.0,12.75,0.0,0.0,0.0,5.25,6.25,0.0,0.0,0.0,0.0,0.0,0.0,0.0,0.0,12.75,0.0,0.25,0.0,1.5,2.5,2.5,0.0,0.0,0.5,0.0,9.25,6.5,0.0,0.0,0.0,0.0,0.0,0.0,0.0,0.0,0.0,0.0,0.0,16.0,0.0,0.0,0.0,0.0,0.25,0.0,0.5,14.249999999999998,0.0,3.25,0.0,0.0,5.25,0.0,14.249999999999998,0.0,0.0,0.0,15.5,8.5,18.25,2.5,0.0,2.25,3.5000000000000004,2.75,0.0,0.0,0.0,0.0,0.75,0.0,0.0,0.0,0.0,10.0,1.7500000000000002,0.0,1.5,0.0,6.25,0.0,8.0,11.75,0.25,0.0,0.0,0.0,0.0,11.5,0.0,0.0,1.5,0.0,14.000000000000002,0.0,0.0,34.5,0.0,0.0,21.5,1.7500000000000002,5.5,0.0,2.75,34.25,0.0,8.5,0.0,0.0,0.5,0.0,0.0,0.75,0.0,14.249999999999998,0.25,0.0,5.75,0.0,0.0,0.0,1.5,0.0,0.75,0.0,2.25,0.0,6.25,0.0,0.0,0.25,1.0,0.0,2.0,0.0,0.0,0.0,0.0,23.25,0.0,0.0,0.0,0.0,0.25,20.5,0.0,11.75,0.0,12.25,0.0,0.0,0.0,8.5,7.000000000000001,0.0,0.0,0.0,0.0,60.0,3.5000000000000004,0.0,0.0,2.0,0.0,3.5000000000000004,0.0,0.0,0.0,6.75,13.5,3.5000000000000004,0.0,0.0,0.0,0.0,0.0,0.0,0.0,0.0,1.7500000000000002,0.0,0.0,11.25,0.0,10.25,2.25,6.75,0.75,0.0,0.0,0.0,0.0,2.5,1.7500000000000002,0.0,0.0,0.25,0.0,0.0,0.0,0.0,0.0,0.0,0.0
Vitamin B12,2.4,Vitamin B-12,0.0,0.0,36.66666666666667,0.0,0.0,0.0,0.0,0.0,0.0,0.0,0.0,0.0,10.833333333333334,0.0,0.0,0.0,0.0,9.583333333333334,0.0,0.0,48.75,138.75000000000003,0.0,0.8333333333333334,0.0,0.0,0.0,0.0,0.0,0.0,0.0,0.4166666666666667,0.0,0.0,0.0,0.0,107.08333333333333,0.0,0.0,0.0,0.0,0.0,0.0,0.0,0.0,0.0,0.0,11.250000000000002,0.0,0.0,0.0,0.0,833.3333333333334,0.0,0.0,0.0,0.0,0.0,0.0,0.0,0.0,0.0,0.0,0.0,0.0,168.33333333333334,0.0,0.0,0.0,0.0,0.0,0.0,0.0,0.0,0.0,138.75000000000003,0.0,0.0,0.0,0.0,0.0,0.0,0.0,0.0,0.0,22.083333333333336,0.0,0.0,104.16666666666667,0.0,0.0,0.0,0.0,0.0,0.0,0.0,0.0,0.0,0.0,0.0,0.0,0.0,0.0,0.0,16.666666666666668,0.0,0.0,0.0,0.0,0.0,0.0,0.0,103.33333333333334,83.74999999999999,0.0,0.0,0.0,0.0,0.4166666666666667,0.0,0.0,0.0,0.0,55.833333333333336,0.0,0.0,0.0,0.0,0.0,0.0,0.0,22.500000000000004,0.0,0.0,0.0,537.5,0.0,0.0,0.0,0.0,0.0,0.0,0.0,541.6666666666667,0.0,0.0,0.0,0.0,0.0,81.25,0.0,0.0,58.333333333333336,0.0,0.0,0.0,0.0,0.0,0.0,0.0,0.0,0.0,0.0,0.0,0.0,0.0,0.0,0.0,0.0,0.0,0.0,0.0,0.0,3.75,0.0,17.083333333333332,21.250000000000004,0.0,11.666666666666668,0.0,0.0,0.0,15.0,0.0,0.0,0.0,269.1666666666667,0.0,0.0,0.0,0.0,0.0,0.0,0.0,22.500000000000004,0.0,0.0,0.0,0.0,0.0,0.0,0.0,0.0,0.0,0.0,207.08333333333334,0.0,39.166666666666664,0.0,51.66666666666667,0.0,0.0,0.0,0.0,42.91666666666667,0.0,0.0,0.0,0.0,0.0,0.0,0.0,0.0,0.0,0.0,17.916666666666668,0.0,0.0,0.0,67.5,16.666666666666668,0.0,0.0,0.0,0.0,0.0,0.0,0.0,0.0,0.0,0.0,0.0,0.0,123.75,0.0,0.0,16.25,27.083333333333336,49.583333333333336,0.0,0.0,0.0,0.0,0.0,0.0,0.0,0.0,0.0,0.0,0.0,0.0,0.0,0.0,0.0,0.0
Biotin,30.0,Biotin,0.0,0.0,0.0,0.0,0.0,0.0,0.0,0.0,0.0,0.0,0.0,0.0,0.0,0.0,0.0,0.0,0.0,0.0,0.0,0.0,0.0,0.0,0.0,0.0,0.0,0.0,0.0,0.0,0.0,0.0,0.0,0.0,0.0,0.0,0.0,0.0,0.0,0.0,0.0,0.0,0.0,0.0,0.0,0.0,0.0,0.0,0.0,0.0,0.0,0.0,0.0,0.0,0.0,0.0,0.0,0.0,0.0,0.0,0.0,0.0,0.0,0.0,0.0,0.0,0.0,0.0,0.0,0.0,0.0,0.0,0.0,0.0,0.0,0.0,0.0,0.0,0.0,0.0,0.0,0.0,0.0,0.0,0.0,0.0,0.0,0.0,0.0,0.0,0.0,0.0,0.0,0.0,0.0,0.0,0.0,0.0,0.0,0.0,0.0,0.0,0.0,0.0,0.0,0.0,0.0,0.0,0.0,0.0,0.0,0.0,0.0,0.0,0.0,0.0,0.0,0.0,0.0,0.0,0.0,0.0,0.0,0.0,0.0,0.0,0.0,0.0,0.0,0.0,0.0,0.0,0.0,0.0,0.0,0.0,0.0,0.0,0.0,0.0,0.0,0.0,0.0,0.0,0.0,0.0,0.0,0.0,0.0,0.0,0.0,0.0,0.0,0.0,0.0,0.0,0.0,0.0,0.0,0.0,0.0,0.0,0.0,0.0,0.0,0.0,0.0,0.0,0.0,0.0,0.0,0.0,0.0,0.0,0.0,0.0,0.0,0.0,0.0,0.0,0.0,0.0,0.0,0.0,0.0,0.0,0.0,0.0,0.0,0.0,0.0,0.0,0.0,0.0,0.0,0.0,0.0,0.0,0.0,0.0,0.0,0.0,0.0,0.0,0.0,0.0,0.0,0.0,0.0,0.0,0.0,0.0,0.0,0.0,0.0,0.0,0.0,0.0,0.0,0.0,0.0,0.0,0.0,0.0,0.0,0.0,0.0,0.0,0.0,0.0,0.0,0.0,0.0,0.0,0.0,0.0,0.0,0.0,0.0,0.0,0.0,0.0,0.0,0.0,0.0,0.0,0.0,0.0,0.0,0.0,0.0,0.0,0.0,0.0,0.0,0.0,0.0,0.0,0.0,0.0,0.0,0.0,0.0,0.0,0.0,0.0,0.0
Pantothenic acid,5.0,Pantothenic acid,0.0,0.0,0.0,15.940000000000001,0.0,0.0,0.0,0.0,0.0,0.0,0.0,0.0,0.0,0.0,0.0,0.0,0.0,0.0,0.0,0.0,5.86,6.999999999999999,0.0,0.0,0.0,0.0,0.0,0.0,0.0,0.0,0.0,0.0,0.0,0.0,0.0,0.0,0.0,0.0,0.0,0.0,0.0,0.0,0.0,0.0,0.0,0.0,0.0,3.8,0.0,0.0,0.0,0.0,0.0,0.0,0.0,0.0,0.0,0.0,0.0,0.0,0.0,19.119999999999997,0.0,0.0,0.0,0.0,10.18,0.0,0.0,0.0,0.0,0.0,0.0,0.0,0.0,0.0,0.0,0.0,0.0,0.0,0.0,0.0,0.0,4.0,0.0,26.6,0.0,0.0,0.0,0.0,0.0,0.0,0.0,0.0,0.0,0.0,0.0,0.0,0.0,0.0,0.0,0.0,0.0,0.0,0.0,0.0,0.0,0.0,0.0,7.9399999999999995,0.0,0.0,0.0,8.66,0.0,0.0,0.0,0.0,0.0,0.0,0.0,2.46,0.0,0.0,0.0,15.160000000000002,0.0,0.0,0.0,0.0,3.66,0.0,0.0,0.0,0.0,0.0,0.0,0.0,0.0,0.0,17.28,0.0,0.0,0.0,0.0,0.0,0.0,0.0,0.0,0.0,0.0,0.0,9.0,0.0,0.0,0.0,0.0,0.0,0.0,0.0,0.0,0.0,17.26,0.0,0.0,6.039999999999999,0.0,0.0,0.0,0.0,0.0,0.0,0.0,0.0,0.0,0.0,0.0,0.0,0.0,0.0,8.6,0.0,0.0,0.0,1.6199999999999999,0.0,0.0,0.0,0.0,0.0,0.0,0.0,0.0,0.0,0.0,0.0,0.0,0.0,0.0,0.0,0.0,0.0,0.0,0.0,0.0,0.0,0.0,0.0,0.0,0.0,0.0,0.0,0.0,5.8,0.0,0.0,0.0,0.0,0.0,0.0,0.0,0.0,0.0,0.0,0.0,0.0,0.0,0.0,0.0,0.0,4.1,0.0,0.0,0.0,0.0,0.0,0.0,0.0,0.0,0.0,3.0,0.0,0.0,0.0,0.0,2.46,0.0,0.0,0.0,0.0,0.0,0.0,0.0,0.0,0.0,0.0,0.0,0.0,0.0,0.0,0.0,0.0,0.0,0.0,0.0
Phosphorus,1250.0,"Phosphorus, P",40.64,0.0,20.16,35.199999999999996,0.0,0.0,0.0,0.0,0.0,0.88,0.0,0.64,2.48,0.0,0.0,4.24,0.0,13.600000000000001,8.4,0.0,14.719999999999999,16.32,0.0,1.1199999999999999,1.3599999999999999,1.344,0.0,0.0,0.0,0.0,0.0,9.76,0.32,0.0,0.0,0.0,18.16,0.0,0.0,0.0,5.52,0.0,0.0,0.0,1.92,0.0,0.0,39.2,0.0,2.8000000000000003,0.0,0.0,28.48,0.0,0.88,0.0,0.0,0.0,0.0,0.0,0.0,12.72,0.0,0.0,0.0,12.4,8.32,0.0,0.0,300.0,0.0,32.72,0.0,0.0,0.0,18.72,0.0,0.32,0.0,1.6,39.92,7.920000000000001,0.0,1.28,0.72,0.0,13.36,4.5600000000000005,0.0,0.0,0.48,0.0,0.32,0.0,0.0,0.0,0.0,0.0,0.0,2.96,0.0,0.0,0.0,0.0,22.08,0.0,0.32,2.48,0.0,6.239999999999999,0.0,0.0,16.72,12.559999999999999,2.96,0.0,0.0,0.0,6.239999999999999,1.92,8.24,1.1199999999999999,0.0,16.32,2.48,15.040000000000001,0.0,0.0,0.4,0.0,2.96,8.32,0.0,0.0,0.0,19.919999999999998,8.64,0.0,2.08,0.0,47.44,0.0,32.800000000000004,13.120000000000001,0.24,0.0,0.0,0.0,0.0,5.36,0.0,0.0,50.160000000000004,0.0,5.36,0.0,0.0,21.6,0.0,0.0,27.12,0.88,22.16,0.0,3.5999999999999996,6.0,0.0,46.0,0.0,40.0,0.96,0.0,0.0,3.92,0.0,13.919999999999998,9.68,0.0,6.16,0.0,5.76,0.0,22.24,0.0,1.3599999999999999,0.0,17.919999999999998,4.3999999999999995,1.6,0.0,0.0,1.8399999999999999,1.04,0.0,13.76,0.0,0.32,0.0,0.0,20.16,0.0,0.48,0.0,0.0,0.72,25.759999999999998,0.0,22.16,0.32,6.959999999999999,0.0,2.96,0.0,4.8,21.84,0.0,0.0,0.0,0.0,0.5599999999999999,13.28,0.48,0.0,1.1199999999999999,0.0,4.5600000000000005,0.0,0.0,0.0,22.64,8.24,9.04,0.0,0.0,0.0,0.0,0.32,0.0,0.0,0.0,3.1199999999999997,0.0,0.0,15.6,0.0,1.92,8.4,12.24,12.32,0.0,0.64,0.32,0.0,2.08,5.04,0.0,0.32,1.44,26.640000000000004,0.48,0.0,0.0,0.0,0.0,0.0
Magnesium,420.0,"Magnesium, Mg",66.42857142857143,0.0,16.428571428571427,40.476190476190474,0.0,0.0,0.0,0.0,0.0,1.9047619047619049,0.0,0.9523809523809524,1.6666666666666667,0.0,0.0,5.0,0.0,8.571428571428571,9.523809523809524,0.0,4.761904761904762,3.3333333333333335,0.0,1.4285714285714286,3.571428571428571,2.142857142857143,0.0,0.0,0.0,0.0,0.0,10.476190476190476,0.0,0.0,0.0,0.0,5.238095238095238,0.0,0.0,0.0,5.476190476190476,0.0,0.0,0.0,3.3333333333333335,0.0,0.0,5.238095238095238,0.0,2.857142857142857,0.0,0.0,71.42857142857143,0.0,1.9047619047619049,0.0,0.0,0.0,0.0,0.0,0.0,20.952380952380953,0.0,0.0,0.0,4.761904761904762,61.66666666666667,0.0,0.0,0.0,0.0,78.57142857142857,0.0,0.0,0.0,8.571428571428571,0.0,0.4761904761904762,0.0,2.380952380952381,87.14285714285714,8.571428571428571,0.0,1.6904761904761905,1.1904761904761905,0.0,7.142857142857142,4.523809523809524,0.0,0.0,1.4285714285714286,0.0,0.0,0.0,0.0,0.0,0.0,0.0,0.0,4.761904761904762,0.0,0.0,0.0,0.0,4.761904761904762,0.0,0.4761904761904762,6.428571428571428,0.0,4.0476190476190474,0.0,0.0,6.190476190476191,4.523809523809524,6.904761904761905,0.0,0.0,0.0,5.476190476190476,2.380952380952381,9.523809523809524,1.9047619047619049,0.0,11.428571428571429,2.380952380952381,30.952380952380953,0.0,11.190476190476192,0.2380952380952381,0.0,9.523809523809524,0.0,0.0,0.0,0.0,10.238095238095237,11.428571428571429,0.0,2.142857142857143,0.0,69.52380952380952,0.0,32.857142857142854,6.666666666666667,1.1904761904761905,0.0,0.0,2.142857142857143,0.0,4.285714285714286,0.0,0.0,8.095238095238095,0.0,6.666666666666667,0.0,0.0,24.285714285714285,0.0,0.0,40.23809523809524,1.6666666666666667,28.809523809523807,0.0,5.714285714285714,3.571428571428571,0.0,59.76190476190476,0.0,47.61904761904761,1.1904761904761905,0.0,0.0,2.142857142857143,0.0,5.238095238095238,3.8095238095238098,0.0,3.0952380952380953,0.0,0.0,0.0,5.238095238095238,0.0,1.9047619047619049,0.0,4.761904761904762,2.857142857142857,2.380952380952381,0.0,0.0,2.857142857142857,2.619047619047619,0.0,4.285714285714286,0.0,0.0,0.0,0.0,62.857142857142854,0.0,1.4285714285714286,0.0,0.0,1.4285714285714286,8.095238095238095,0.0,5.238095238095238,0.0,3.3333333333333335,0.0,0.0,0.0,5.0,6.190476190476191,0.0,0.0,0.0,0.0,40.476190476190474,17.61904761904762,1.4285714285714286,0.0,2.619047619047619,0.0,2.857142857142857,0.0,0.0,0.0,8.095238095238095,6.428571428571428,21.904761904761905,0.0,0.0,0.0,0.0,0.0,0.0,0.0,0.0,4.761904761904762,0.0,0.0,5.714285714285714,0.0,4.285714285714286,2.619047619047619,5.0,3.0952380952380953,0.0,1.1904761904761905,0.0,0.0,5.0,5.238095238095238,0.0,0.0,2.380952380952381,0.0,1.4285714285714286,0.0,0.0,0.0,0.0,0.0
Zinc,11.0,"Zinc, Zn",29.909090909090907,0.0,22.18181818181818,48.18181818181818,0.0,0.0,0.0,0.0,0.0,0.18181818181818182,0.0,0.09090909090909091,2.272727272727273,0.0,0.0,7.1818181818181825,0.0,4.090909090909091,6.2727272727272725,0.0,35.909090909090914,63.0909090909091,0.0,0.09090909090909091,2.3636363636363638,1.1454545454545455,0.0,0.0,0.0,0.0,0.0,9.545454545454547,0.36363636363636365,0.0,0.0,0.0,63.63636363636363,0.0,0.0,0.0,3.818181818181818,0.0,0.0,0.0,2.0,0.0,0.0,26.727272727272727,0.0,2.1818181818181817,0.0,0.0,8.636363636363637,0.0,0.9090909090909092,0.0,0.0,0.0,0.0,0.0,0.0,9.272727272727273,0.0,0.0,0.0,7.1818181818181825,21.09090909090909,0.0,0.0,0.0,0.0,42.727272727272734,0.0,0.0,0.0,34.63636363636364,0.0,0.2727272727272727,0.0,1.3636363636363635,43.63636363636363,3.3636363636363638,0.0,1.0,1.909090909090909,9.636363636363637,9.727272727272727,2.090909090909091,0.0,0.0,0.18181818181818182,0.0,0.36363636363636365,0.0,0.0,0.0,0.0,0.0,0.0,3.5454545454545454,0.0,0.0,0.0,0.0,16.727272727272727,0.0,2.0,7.545454545454546,0.0,1.0909090909090908,0.36363636363636365,0.0,34.36363636363636,35.27272727272727,1.1818181818181819,0.0,0.0,0.0,5.363636363636363,1.4545454545454546,8.0,0.7272727272727273,0.0,40.63636363636363,0.6363636363636364,11.818181818181818,0.0,0.0,0.36363636363636365,0.0,4.363636363636363,0.0,0.0,0.0,0.0,18.363636363636363,5.818181818181818,0.0,1.909090909090909,0.0,52.545454545454554,0.0,33.09090909090909,13.0,1.0909090909090908,0.0,0.0,0.0,0.0,90.9090909090909,0.0,0.0,38.18181818181819,0.0,2.272727272727273,0.0,0.0,30.09090909090909,0.0,0.0,23.090909090909093,0.8181818181818181,41.18181818181819,0.0,2.727272727272727,4.454545454545455,0.0,58.63636363636364,0.0,0.0,0.7272727272727273,0.0,0.0,2.272727272727273,0.0,12.181818181818183,19.81818181818182,0.0,4.0,0.0,0.0,0.0,28.09090909090909,0.0,0.36363636363636365,0.0,21.363636363636367,8.181818181818182,2.5454545454545454,0.0,0.0,1.2727272727272727,0.8181818181818181,0.0,8.636363636363637,0.0,0.36363636363636365,0.0,0.0,9.90909090909091,0.0,0.18181818181818182,0.0,0.0,0.9090909090909092,10.181818181818182,0.0,7.636363636363636,0.36363636363636365,6.2727272727272725,0.0,0.9090909090909092,0.0,3.6363636363636367,10.090909090909092,0.0,0.0,0.0,0.0,13.636363636363635,7.909090909090908,0.18181818181818182,0.0,1.7272727272727273,0.0,10.818181818181817,0.0,0.0,0.0,7.1818181818181825,10.636363636363635,0.9090909090909092,0.0,0.0,0.0,0.0,0.36363636363636365,0.0,0.0,0.0,2.0,0.0,0.0,4.454545454545455,0.0,1.4545454545454546,4.2727272727272725,16.636363636363637,17.545454545454543,0.0,0.36363636363636365,0.36363636363636365,0.0,5.545454545454545,1.0909090909090908,0.0,0.36363636363636365,1.0909090909090908,30.272727272727273,0.18181818181818182,0.0,0.0,0.0,0.0,0.0
Selenium,55.0,"Selenium, Se",4.363636363636363,0.0,123.8181818181818,9.090909090909092,0.0,0.0,0.0,0.0,0.0,0.18181818181818182,0.0,0.0,2.909090909090909,0.0,0.0,15.090909090909092,0.0,56.18181818181818,14.000000000000002,0.0,5.2727272727272725,32.18181818181818,0.0,1.0909090909090908,1.8181818181818181,0.0,0.0,0.0,0.0,0.0,0.0,57.81818181818183,0.0,0.0,0.0,0.0,49.45454545454545,0.0,0.0,0.0,2.909090909090909,0.0,0.0,0.0,0.9090909090909091,0.0,0.0,26.36363636363636,0.0,0.18181818181818182,0.0,0.0,119.0909090909091,0.0,0.36363636363636365,0.0,0.0,0.0,0.0,0.0,0.0,6.363636363636363,0.0,0.0,0.0,38.36363636363637,13.090909090909092,0.0,0.0,0.0,0.0,47.63636363636364,0.0,0.0,0.0,78.0,0.0,0.7272727272727273,0.0,0.5454545454545454,9.454545454545455,1.2727272727272725,0.0,0.0,2.3636363636363638,0.0,13.090909090909092,1.4545454545454546,0.0,0.0,2.545454545454545,0.0,0.0,0.0,0.36363636363636365,0.0,0.0,0.0,0.0,1.0909090909090908,0.0,0.0,0.0,0.0,61.45454545454545,0.0,1.4545454545454546,5.09090909090909,0.0,1.2727272727272725,0.7272727272727273,0.0,54.36363636363636,11.636363636363637,1.8181818181818181,0.0,0.0,0.0,2.727272727272727,0.7272727272727273,7.636363636363637,0.18181818181818182,0.0,146.36363636363637,1.0909090909090908,6.545454545454546,0.0,0.0,0.0,0.0,0.0,0.0,0.0,0.0,0.0,103.0909090909091,61.81818181818181,0.0,0.0,0.0,36.18181818181818,0.0,52.54545454545454,67.63636363636364,1.2727272727272725,0.0,0.0,0.0,0.0,22.90909090909091,0.0,0.0,62.54545454545454,0.0,2.909090909090909,0.0,0.0,13.090909090909092,0.0,0.0,7.454545454545454,0.18181818181818182,6.909090909090909,0.0,3.4545454545454546,42.36363636363637,0.0,1.2727272727272725,0.0,0.0,0.0,0.0,0.0,2.1818181818181817,0.0,73.81818181818181,41.27272727272727,0.0,11.454545454545455,0.0,0.0,0.0,39.45454545454545,0.0,1.0909090909090908,0.0,69.45454545454545,0.0,1.0909090909090908,0.0,0.0,0.36363636363636365,2.0,0.0,20.18181818181818,0.0,0.0,0.0,0.0,10.18181818181818,0.0,2.545454545454545,0.0,0.0,0.18181818181818182,72.0,0.0,23.272727272727273,0.0,20.36363636363636,0.0,2.909090909090909,0.0,2.1818181818181817,60.54545454545453,0.0,0.0,0.0,0.0,22.0,0.9090909090909091,2.545454545454545,0.0,0.5454545454545454,0.0,9.636363636363637,0.0,0.0,0.0,113.0909090909091,13.090909090909092,2.3636363636363638,0.0,0.0,0.0,0.0,0.0,0.0,0.0,0.0,0.9090909090909091,0.0,0.0,38.36363636363637,0.0,1.6363636363636365,6.363636363636363,17.636363636363637,21.09090909090909,0.0,0.18181818181818182,0.0,0.0,4.0,1.6363636363636365,0.0,0.0,0.18181818181818182,0.0,2.545454545454545,0.0,0.0,0.0,0.0,0.0
Copper,0.9,"Copper, Cu",103.77777777777779,0.0,37.66666666666667,101.11111111111111,0.0,0.0,0.0,0.0,0.0,5.555555555555556,0.0,0.2222222222222222,1.1111111111111112,0.0,0.0,11.222222222222221,0.0,4.666666666666667,21.77777777777778,0.0,5.222222222222221,7.888888888888888,0.0,0.5555555555555556,12.88888888888889,6.4222222222222225,0.0,0.0,0.0,0.0,0.0,24.0,2.3333333333333335,0.0,0.0,0.0,12.777777777777777,0.0,0.0,0.0,7.777777777777778,0.0,0.0,0.0,2.6666666666666665,0.0,0.0,2.6666666666666665,0.0,5.0,0.0,0.0,12.222222222222221,0.0,4.222222222222222,0.0,0.0,0.0,0.0,0.0,0.0,25.333333333333336,0.0,0.0,0.0,8.666666666666668,40.888888888888886,0.0,0.0,0.0,0.0,108.33333333333333,0.0,0.0,0.0,90.44444444444444,0.0,2.888888888888889,0.0,3.4444444444444446,96.33333333333333,33.11111111111111,0.0,2.888888888888889,4.111111111111111,0.0,43.0,8.333333333333332,0.0,0.0,0.9999999999999999,0.0,2.3333333333333335,0.0,0.0,0.0,0.0,0.0,0.0,9.222222222222221,0.0,0.0,0.0,0.0,13.777777777777779,0.0,3.9999999999999996,6.444444444444445,0.0,15.555555555555555,8.88888888888889,0.0,15.11111111111111,8.777777777777777,13.88888888888889,0.0,0.0,0.0,17.0,3.0,24.22222222222222,3.0,0.0,190.0,16.444444444444443,84.0,0.0,0.0,2.2222222222222223,0.0,2.2222222222222223,0.0,0.0,0.0,0.0,13.222222222222221,8.222222222222221,0.0,9.11111111111111,0.0,244.44444444444446,0.0,43.44444444444445,39.77777777777777,18.0,0.0,0.0,0.0,0.0,80.66666666666666,0.0,0.0,4.444444444444445,0.0,14.888888888888891,0.0,0.0,49.333333333333336,0.0,0.0,46.666666666666664,8.555555555555555,133.33333333333331,0.0,33.666666666666664,11.222222222222221,0.0,146.66666666666669,0.0,147.77777777777777,4.555555555555555,0.0,0.0,3.888888888888889,0.0,8.11111111111111,10.666666666666666,0.0,1.9999999999999998,0.0,0.0,0.0,65.55555555555556,0.0,14.444444444444446,0.0,19.444444444444443,84.44444444444444,5.555555555555556,0.0,0.0,1.222222222222222,1.9999999999999998,0.0,1.8888888888888888,0.0,2.3333333333333335,0.0,0.0,36.44444444444444,0.0,0.9999999999999999,0.0,0.0,1.5555555555555556,17.555555555555554,0.0,5.0,2.3333333333333335,8.666666666666668,0.0,0.0,0.0,9.777777777777777,23.0,0.0,0.0,0.0,0.0,273.3333333333333,4.777777777777778,0.9999999999999999,0.0,3.7777777777777777,0.0,12.222222222222221,0.0,0.0,0.0,6.5555555555555545,16.77777777777778,9.555555555555555,0.0,0.0,0.0,0.0,2.3333333333333335,0.0,0.0,0.0,8.777777777777777,0.0,0.0,6.888888888888889,0.0,5.666666666666666,0.8888888888888888,14.555555555555555,5.888888888888888,0.0,0.8888888888888888,2.3333333333333335,0.0,6.111111111111111,8.88888888888889,0.0,2.3333333333333335,0.4444444444444444,0.0,0.9999999999999999,0.0,0.0,0.0,0.0,0.0
Manganese,2.3,"Manganese, Mn",0.0,0.0,0.0,100.0,0.0,0.0,0.0,0.0,0.0,0.0,0.0,0.0,0.0,0.0,0.0,0.0,0.0,0.0,0.0,0.0,0.26086956521739135,0.6086956521739131,0.0,0.0,0.0,4.343478260869565,0.0,0.0,0.0,0.0,0.0,0.0,0.0,0.0,0.0,0.0,0.0,0.0,0.0,0.0,0.0,0.0,0.0,0.0,0.0,0.0,0.0,0.9130434782608696,0.0,0.0,0.0,0.0,0.0,0.0,0.0,0.0,0.0,0.0,0.0,0.0,0.0,35.69565217391305,0.0,0.0,0.0,0.0,2613.04347826087,0.0,0.0,0.0,0.0,82.6086956521739,0.0,0.0,0.0,0.0,0.0,0.0,0.0,0.0,144.7826086956522,0.0,0.0,2.4347826086956523,0.0,0.0,0.0,0.0,0.0,0.0,0.0,0.0,0.0,0.0,0.0,0.0,0.0,0.0,0.0,0.0,0.0,0.0,0.0,0.0,0.0,0.0,0.0,0.0,0.0,2.608695652173913,0.0,0.0,0.0,0.34782608695652173,0.0,0.0,0.0,0.0,0.0,0.0,0.0,0.782608695652174,0.0,0.0,0.0,179.56521739130434,0.0,130.43478260869566,0.0,0.0,1.6956521739130437,0.0,0.0,0.0,0.0,0.0,0.0,0.0,0.0,0.0,72.17391304347827,0.0,0.0,0.0,0.0,0.0,0.0,0.0,0.0,0.0,0.0,0.0,3.0869565217391304,0.0,0.0,0.0,0.0,0.0,0.0,0.0,0.0,0.0,195.6521739130435,0.0,0.0,20.695652173913043,0.0,0.0,0.0,0.0,0.0,0.0,0.0,0.0,0.0,0.0,0.0,0.0,0.0,0.0,0.0,0.0,0.0,0.0,0.0,0.0,0.0,0.0,0.0,0.0,0.0,0.0,0.0,0.0,0.0,0.0,0.0,0.0,0.0,1234.7826086956522,0.0,0.0,0.0,0.0,0.0,0.0,0.0,0.0,0.0,0.0,0.0,0.0,0.0,12.695652173913045,0.0,0.0,0.0,0.0,0.0,0.0,0.0,0.0,43.47826086956522,0.0,0.0,0.0,0.0,0.0,0.0,0.0,11.130434782608695,0.0,0.0,0.0,0.0,0.0,0.0,0.0,0.0,0.0,6.6521739130434785,0.0,0.0,0.0,0.0,9.565217391304348,0.0,0.0,0.0,0.0,0.0,0.0,0.0,5.9565217391304355,0.0,0.0,0.0,0.0,0.0,0.0,0.0,0.0,0.0,0.0,0.0
Molybdenum,45.0,"Molybdenum, Mo",0.0,0.0,0.0,0.0,0.0,0.0,0.0,0.0,0.0,0.0,0.0,0.0,0.0,0.0,0.0,0.0,0.0,0.0,0.0,0.0,0.0,0.0,0.0,0.0,0.0,0.0,0.0,0.0,0.0,0.0,0.0,0.0,0.0,0.0,0.0,0.0,0.0,0.0,0.0,0.0,0.0,0.0,0.0,0.0,0.0,0.0,0.0,0.0,0.0,0.0,0.0,0.0,0.0,0.0,0.0,0.0,0.0,0.0,0.0,0.0,0.0,0.0,0.0,0.0,0.0,0.0,0.0,0.0,0.0,0.0,0.0,0.0,0.0,0.0,0.0,0.0,0.0,0.0,0.0,0.0,0.0,0.0,0.0,0.0,0.0,0.0,0.0,0.0,0.0,0.0,0.0,0.0,0.0,0.0,0.0,0.0,0.0,0.0,0.0,0.0,0.0,0.0,0.0,0.0,0.0,0.0,0.0,0.0,0.0,0.0,0.0,0.0,0.0,0.0,0.0,0.0,0.0,0.0,0.0,0.0,0.0,0.0,0.0,0.0,0.0,0.0,0.0,0.0,0.0,0.0,0.0,0.0,0.0,0.0,0.0,0.0,0.0,0.0,0.0,0.0,0.0,0.0,0.0,0.0,0.0,0.0,0.0,0.0,0.0,0.0,0.0,0.0,0.0,0.0,0.0,0.0,0.0,0.0,0.0,0.0,0.0,0.0,0.0,0.0,0.0,0.0,0.0,0.0,0.0,0.0,0.0,0.0,0.0,0.0,0.0,0.0,0.0,0.0,0.0,0.0,0.0,0.0,0.0,0.0,0.0,0.0,0.0,0.0,0.0,0.0,0.0,0.0,0.0,0.0,0.0,0.0,0.0,0.0,0.0,0.0,0.0,0.0,0.0,0.0,0.0,0.0,0.0,0.0,0.0,0.0,0.0,0.0,0.0,0.0,0.0,0.0,0.0,0.0,0.0,0.0,0.0,0.0,0.0,0.0,0.0,0.0,0.0,0.0,0.0,0.0,0.0,0.0,0.0,0.0,0.0,0.0,0.0,0.0,0.0,0.0,0.0,0.0,0.0,0.0,0.0,0.0,0.0,0.0,0.0,0.0,0.0,0.0,0.0,0.0,0.0,0.0,0.0,0.0,0.0,0.0,0.0,0.0,0.0,0.0,0.0
Potassium,4700.0,"Potassium, K",15.914893617021278,0.0,11.574468085106384,30.638297872340424,2.3404255319148937,0.9361702127659575,1.5106382978723405,0.0,0.0,2.574468085106383,4.297872340425532,0.3617021276595745,1.2340425531914894,0.0,0.0,1.9148936170212765,0.0,4.659574468085107,7.829787234042553,0.0,7.170212765957447,8.23404255319149,0.0,0.574468085106383,2.4468085106382977,3.4680851063829787,0.0,0.0,0.0,5.468085106382978,0.0,3.404255319148936,0.0425531914893617,0.0,0.0,0.0,6.0638297872340425,0.0,7.319148936170213,0.0,8.27659574468085,0.0,0.0,0.0,3.2127659574468086,0.0,0.0,1.978723404255319,0.0,6.808510638297872,0.0,3.0,3.851063829787234,0.0,1.7659574468085106,0.0,0.0,0.0,0.0,0.0,0.0,39.787234042553195,0.0,0.0,0.0,3.9787234042553195,21.70212765957447,0.0,0.0,29.361702127659573,0.0,27.02127659574468,2.3617021276595747,0.0,0.0,5.51063829787234,0.0,0.5957446808510638,0.0,2.617021276595745,38.08510638297872,16.53191489361702,0.0,2.382978723404255,1.8510638297872342,3.1914893617021276,5.638297872340425,10.042553191489361,0.0,2.2340425531914896,0.5319148936170213,0.0,0.0425531914893617,0.0,0.0,0.0,0.0,0.0,0.0,5.872340425531915,0.0,0.0,5.914893617021277,0.0,7.8936170212765955,0.0,1.1063829787234043,5.23404255319149,0.0,9.127659574468085,0.0,0.0,7.425531914893617,6.085106382978724,4.0,0.0,0.0,0.0,6.212765957446809,3.5744680851063833,10.042553191489361,2.4893617021276593,0.0,5.382978723404255,3.638297872340426,7.829787234042553,0.0,6.212765957446809,0.2765957446808511,0.0,2.617021276595745,3.8085106382978724,0.0,0.0,0.0,8.617021276595745,3.1914893617021276,7.51063829787234,2.7872340425531914,0.0,14.042553191489363,0.0,7.702127659574468,6.170212765957447,0.3617021276595745,0.0,0.0,4.0212765957446805,0.0,2.893617021276596,0.0,38.297872340425535,3.829787234042553,0.0,7.574468085106383,0.0,0.0,15.574468085106382,0.0,0.0,12.0,2.2127659574468086,8.72340425531915,0.0,9.127659574468085,1.574468085106383,0.0,12.702127659574469,0.0,0.0,2.25531914893617,0.0,6.191489361702128,1.297872340425532,0.0,6.23404255319149,5.0212765957446805,0.0,4.659574468085107,0.0,18.127659574468087,0.0,4.574468085106383,0.0,4.191489361702128,0.0,6.340425531914893,2.9787234042553195,4.957446808510638,0.0,0.0,2.702127659574468,4.957446808510638,0.0,3.7872340425531914,0.0,0.0425531914893617,0.0,0.0,36.59574468085106,0.0,0.5319148936170213,0.0,0.0,0.8297872340425531,5.808510638297872,0.0,3.829787234042553,0.0425531914893617,2.382978723404255,1.7659574468085106,3.3404255319148937,0.0,7.106382978723404,2.7872340425531914,0.0,0.0,0.0,0.0,0.14893617021276595,9.25531914893617,0.5319148936170213,11.893617021276595,2.425531914893617,0.0,4.404255319148937,1.0638297872340425,0.0,0.0,9.680851063829788,4.872340425531915,13.361702127659575,0.0,0.0,0.0,0.0,0.0425531914893617,0.0,0.0,0.0,5.702127659574468,0.0,0.0,6.617021276595744,0.0,1.7446808510638296,3.3404255319148937,6.25531914893617,7.468085106382978,0.0,1.5531914893617023,0.0425531914893617,0.0,3.872340425531915,7.319148936170213,0.0,0.0425531914893617,1.5106382978723405,5.680851063829787,0.5319148936170213,0.0,0.0,0.0,4.723404255319149,0.0
Choline,550.0,"Choline, total",9.472727272727273,0.0,15.454545454545453,0.0,0.0,0.0,0.0,0.0,0.0,0.9272727272727272,0.0,0.0,0.6545454545454545,0.0,0.0,2.4363636363636365,0.0,9.654545454545454,2.963636363636364,0.0,0.0,0.0,0.0,1.8363636363636364,2.727272727272727,0.0,0.0,0.0,0.0,0.0,0.0,4.818181818181818,0.0,0.0,0.0,0.0,19.090909090909093,0.0,0.0,0.0,3.472727272727273,0.0,0.0,0.0,2.8181818181818183,0.0,0.0,0.0,0.0,1.6,0.0,0.0,89.27272727272727,0.0,0.5454545454545455,0.0,0.0,0.0,0.0,0.0,0.0,15.327272727272726,0.0,0.0,0.0,7.672727272727273,6.799999999999999,0.0,0.0,0.0,0.0,0.0,0.0,0.0,0.0,14.70909090909091,0.0,0.6909090909090909,0.0,0.7818181818181817,4.49090909090909,1.927272727272727,0.0,0.0,0.3090909090909091,0.0,2.0,2.7818181818181817,0.0,0.0,0.0,0.0,0.0,0.0,0.0,0.0,0.0,0.0,0.0,1.0363636363636364,0.0,0.0,0.0,0.0,13.745454545454544,0.0,0.4,1.1818181818181819,0.0,5.454545454545454,0.0,0.0,18.181818181818183,0.0,1.8363636363636364,0.0,0.0,0.0,3.472727272727273,1.8545454545454545,5.49090909090909,0.9272727272727272,0.0,16.18181818181818,1.2909090909090908,0.0,0.0,0.0,0.12727272727272726,0.0,0.0,0.0,0.0,0.0,0.0,14.963636363636363,4.072727272727272,0.0,1.1272727272727272,0.0,0.0,0.0,7.345454545454546,10.236363636363636,1.7272727272727273,0.0,0.0,0.0,0.0,4.3999999999999995,0.0,0.0,2.5636363636363635,0.0,4.8,0.0,0.0,10.527272727272727,0.0,0.0,11.454545454545455,0.9272727272727272,7.363636363636364,0.0,3.672727272727273,1.2545454545454546,0.0,10.145454545454545,0.0,0.0,0.2545454545454545,0.0,0.0,1.090909090909091,0.0,10.436363636363637,10.309090909090909,0.0,9.763636363636365,0.0,0.0,0.0,11.927272727272726,0.0,0.0,0.0,21.818181818181817,0.0,1.1818181818181819,0.0,0.0,1.0363636363636364,1.0,0.0,3.0727272727272723,0.0,0.0,0.0,0.0,0.0,0.0,0.0,0.0,0.0,0.41818181818181815,8.763636363636364,0.0,10.236363636363636,0.0,4.290909090909091,0.0,0.7272727272727273,0.03636363636363637,2.0545454545454547,16.454545454545453,0.0,0.0,0.0,0.0,20.18181818181818,3.327272727272727,0.0,0.0,1.3636363636363635,0.0,3.6909090909090914,0.0,0.0,0.0,13.272727272727272,0.0,1.5636363636363635,0.0,0.0,0.0,0.0,0.0,0.0,0.0,0.0,1.3818181818181818,0.0,0.0,10.236363636363636,0.0,0.0,4.7272727272727275,11.781818181818181,5.4,0.0,0.0,0.0,0.0,0.41818181818181815,1.7454545454545456,0.0,0.0,0.7818181818181817,0.0,0.0,0.0,0.0,0.0,0.0,0.0
